,ct_train,ct_test,sv_train,sv_test,ca_train,ca_test,stack_train,stack_test,simple_train,simple_test,simple_stack_train,simple_stack_test
0,0.0990336606034,5.78103748921,3.79670086887,5.39303320437,0.0989286483031,7.44316433626,10.8889560019,12.442723393,4.90319982246,5.08768825912,2.28087223548,4.37312853938
1,0.0992607592361,5.83294759996,3.75834965372,5.27353657364,0.099898085025,7.70670430402,10.723716939,10.9326617696,4.75180946312,4.79113636993,4.06807358494,4.21257219859
2,0.0994225026303,6.32018670026,3.77526684776,5.49959051242,0.100034779233,7.65483153454,10.7823359793,10.5365374637,4.79531391505,5.48652253601,3.29299145677,4.40819841763
3,0.0982737522824,5.72669598398,4.54225243323,4.77866717195,0.0994665063966,7.02756654981,11.7571130804,10.3436267911,4.70788843191,5.13105466674,2.94958378751,4.48143963491
4,0.09952704619,6.42100417845,3.94231390721,5.17930487603,0.0997055143237,7.27444035599,10.9595390087,12.8487642259,5.40749965249,4.78109744003,4.2227055287,4.09903437673
5,0.0998064207003,6.41770690308,4.1450143769,4.79443491827,0.0996330905075,7.22079653502,11.1730618282,11.3813377308,4.73850216202,5.19261673789,3.92380838288,4.29717599954
6,0.09925432283,6.24940186885,4.06149221077,5.04849724106,0.0992633080742,7.29178197772,10.4427088462,10.1580015723,4.61673888961,5.19543442107,3.40464639684,4.49559575855
7,0.0991656328876,5.76176815366,4.0248831062,5.30031774707,0.0993027411033,7.25452878438,10.9831979803,9.5964146215,4.85762232733,4.89146593594,4.27555709584,4.17047115169
8,0.0988090483114,5.92359069943,3.86729405841,5.2904580748,0.100052204097,7.23981522833,10.5446909014,12.3498288159,5.39122351617,4.5102211226,3.54476344928,4.11594053723
9,0.0991001962572,5.62774143651,3.98988704404,4.98531783563,0.0999628158976,7.29656491001,10.7283853716,11.0730500713,4.39464534799,5.32433195568,3.75808127026,4.54433577221
10,0.0994232393103,5.66549597863,4.02443779732,5.18777934756,0.0996889196738,7.61978514777,10.4138506884,11.7469319811,4.65207082913,4.890628342,3.10443439647,4.13843836759
11,0.0999077313495,6.00781819378,3.76633070179,5.20592781663,0.0999320205756,7.45708417984,10.5308385974,9.9837815167,4.98389219369,4.65524412599,1.61677349253,4.27970557551
12,0.0995876441022,6.12970414121,3.99477893323,5.40892002293,0.0998308376121,7.39595182908,11.0795825057,10.9853272224,4.89062113353,5.19588027377,3.29100010667,4.48891651792
13,0.0993079797718,6.38886076611,3.7149537025,5.4287418773,0.0995066325556,7.06250297342,10.9713060621,10.9117400044,5.03014660745,4.99508219078,3.69856026741,4.27487730423
14,0.0990719894198,6.50889427241,3.60390785291,5.45235114054,0.0994320535683,7.24768506169,10.1460368494,12.6953958556,4.96282614602,4.98392050611,4.11490512004,4.240197453
15,0.0995750687556,6.12298953654,4.03783522574,5.13849227695,0.098631205016,7.08972514678,11.6215404348,10.6303731677,4.74626519492,5.17238090756,3.60182217611,4.36054300893
16,0.100034733665,6.28436736072,3.77999791873,5.58015182533,0.0997444029497,7.07880669793,11.8568470128,9.25850625041,4.81940148212,5.15764315754,3.61908917047,4.37530734641
17,0.0982366019957,6.26472808263,3.97623768982,5.30153428893,0.0996628711988,6.83373727271,11.0609689985,11.0829682897,5.24065921802,4.64313819058,3.16919930803,4.13023405099
18,0.0995443564623,6.22966301821,3.73690190634,5.4095717404,0.0990153009152,7.63861802205,9.90911247727,11.923195461,4.71149807175,5.03945166788,2.38958725956,4.37483895437
19,0.0992485802168,6.37003880361,3.97443107597,5.38137551841,0.0999056339104,7.32995206222,10.7866017301,11.3983037174,5.13323608297,4.82665158041,3.9508709218,4.21158817982
20,0.099278573054,5.65729474981,4.27807908278,4.69341658704,0.0990289741538,6.96104154389,10.8934073358,9.89850222813,4.97100736831,5.08428636538,3.78138849993,4.14559999801
21,0.0990833599653,6.25471575389,3.68584796877,5.38924770278,0.100066256246,7.16201762541,10.1022350346,12.0988195075,5.0323275157,4.9160928138,4.28863017242,3.99076986278
22,0.0998325282751,6.07899522033,4.39313322427,4.63015760101,0.099937961567,7.25098409624,10.9112804764,12.8083891397,5.04659492291,4.87847885929,3.98910465033,3.98544256102
23,0.0995222121165,6.01908577996,3.73068288598,5.39898745005,0.100061514125,7.35513221786,10.9279634917,11.2877715884,5.00143650962,4.55992912488,3.85237204641,4.08047389312
24,0.099724252592,6.18361532515,3.85191511299,5.4363103117,0.100056023902,7.4569267202,10.7769781286,13.0718818717,4.91858476781,5.12456498056,3.75548888957,4.22518872021
25,0.100003081999,5.66919905405,3.81889338,5.30073187455,0.0992620456242,7.405103238,9.69644846539,10.1598359221,4.89739689292,4.95697771433,3.72501381824,4.28518521107
26,0.100028939781,5.89841449372,3.94551818022,5.40473274619,0.099487755276,6.90069305831,11.0218505492,10.8111889818,4.77786481114,5.35730086153,2.22194137599,4.31161409873
27,0.0995262014317,5.77170003657,3.997023104,5.16498329233,0.0997369474642,7.52933902904,10.8514382451,10.4508288477,4.7785748322,4.83135349088,3.62579816144,3.97592946179
28,0.0994809991447,5.99441368168,4.03867012651,5.23416325056,0.0995016866091,7.78170588957,10.8382439689,9.7172775902,4.90771629699,4.79796716015,2.68870822934,4.39014495337
29,0.0999853933933,5.91980830712,3.67905730735,5.52733961919,0.0993612528495,7.29750559064,10.7151341425,9.7654090671,5.1391563005,4.93683159548,4.22130936565,4.0728291414
30,0.0993976078998,6.05807269954,3.73656157776,5.42399396352,0.0995801242339,7.46444753277,10.0172244483,11.6249406097,4.89679788061,4.77374457424,3.90891721128,4.17148354288
31,0.0994951004441,5.77499282185,3.92486585583,5.06766037234,0.0998662091382,7.14805111379,10.926780666,11.0261418931,4.90849586014,4.9686338831,4.06673698989,4.27339924874
32,0.0989743162835,5.89794215018,3.81265332522,5.18463144854,0.100057523704,7.1241040772,10.748902135,12.585847857,5.0714013706,4.79031006351,4.33902510463,3.93684543213
33,0.098366528693,5.78094678369,3.58239244998,5.33385867432,0.0992510875938,7.1268531093,10.6438418274,12.402009479,4.7291531267,4.968777535,4.08244989053,4.18473853563
34,0.0991579674082,6.22977310037,3.7447405581,5.69690645562,0.0996253605456,7.14578986173,10.4880348713,10.7431358086,4.91505508736,4.65932113436,4.05235115541,4.26027867545
35,0.0989607395396,6.27501738761,4.02182358871,5.23916881543,0.0995878006078,7.56168097795,10.8862373559,10.2970386312,5.01712762812,5.17964159438,3.57890804474,4.33242837046
36,0.0986645972249,5.53526288568,3.67767316216,5.39373105621,0.0996132669384,7.72633055372,10.0483089148,9.99530411048,5.04980047697,4.8567879717,3.3245671687,4.17960468689
37,0.0999397592395,6.37147692693,3.99278991905,5.44764705077,0.0998416183405,7.42339650904,11.9029640932,11.2581494255,4.79744654406,5.3265880903,3.26747919433,4.31545361054
38,0.0977378127358,6.49221261551,3.92311485802,5.37215443577,0.0994901557525,7.46933879571,10.3942878187,9.76986176823,4.59770857109,5.11410501909,2.36376741866,4.22885689658
39,0.0998398468339,5.44240761927,4.03871411655,4.98379270382,0.0996934678906,7.07286087061,11.3461074994,9.35879769602,5.0572769361,4.92939045433,3.84218224677,4.31745270876
40,0.0984840819167,5.56526013035,3.66983703931,5.4331052867,0.0998057887664,7.24446093485,10.9125810008,10.5446183309,4.76462712643,5.09533989366,3.63828756565,4.27457996431
41,0.0998036059897,5.73375206804,4.01273674026,5.46112107416,0.0994545507528,7.35304759509,10.3296393393,10.4094841534,4.62162766278,5.11759687167,3.72800144508,4.26100021693
42,0.099978677726,5.55440010516,4.33965189268,4.77325073924,0.0995228416087,7.32567737818,11.7797472059,9.50469563188,5.16114411642,5.2616180989,3.66627016648,4.34866141383
43,0.0991506350187,5.96422153029,3.84515508746,5.11847247461,0.0995154386807,7.41608598918,11.587251536,11.4083096623,4.77953328045,5.06875028596,2.89771573662,4.4065903437
44,0.0980637895842,6.28993290475,3.72578139205,5.39550084339,0.0990992423481,7.67362737109,10.4253422861,11.3179032654,5.0375142537,4.73700975399,3.67549723936,4.02643422391
45,0.0996824395625,6.27674305204,3.98807986812,4.97846867368,0.100040086326,7.30980785388,11.1021958232,9.26876638668,4.89750758679,5.12237207707,3.7017059061,4.21153436066
46,0.0997969860767,5.77620348615,3.66436107392,5.88687485765,0.0992932088634,7.44491866482,10.8459471773,10.1682776068,4.98857534714,4.86031699816,4.09402631117,4.09812130445
47,0.0994958600268,5.95340975958,3.87994850475,5.46986604244,0.100054538108,7.31865521047,10.3936825392,11.8264544194,4.81525366289,5.05470994751,3.95227875093,4.2576681908
48,0.0983162742893,6.25408325256,3.8763855634,4.97158477768,0.099282081229,7.64937026551,10.3025350209,10.8371465529,4.85313864984,5.30522553109,3.52260216116,4.24090276035
49,0.0995797617582,5.94084205408,3.81564923902,5.32523239241,0.0993786136498,7.27303089377,10.4350426383,11.8416938355,5.18482439152,4.82387977053,3.73899887872,4.21084334831
50,0.10003394962,5.72460400868,4.01966505071,5.08897824887,0.099068090225,7.59231466271,10.9278251233,9.62989662089,4.88108350498,5.15703607593,3.86889928748,4.38247324263
51,0.0984691440373,6.47208836714,3.71319160988,5.40413623163,0.0987579993624,7.80256235067,10.0001805537,11.5753890718,5.1958695099,5.00666327489,3.84231461514,4.26851584166
52,0.0998023215567,6.11041606655,3.99935436564,5.29785983,0.0999945893092,7.15767165019,10.5119984152,10.4625528812,5.16339728677,5.06939174073,4.21591097562,4.13675389231
53,0.0993189828541,6.7245408706,4.22381276324,5.13663496105,0.100062461728,7.33751617348,10.8231731738,9.68581896808,4.8632165129,5.21273907251,3.96675893892,4.28019508585
54,0.0993351267214,5.99258759884,4.01156155903,5.32911669389,0.0998299732845,7.13896406356,10.5055364028,11.4069890013,5.28801755625,4.73269646886,4.26278497001,4.00903997384
55,0.0991456883813,5.74181536318,4.24712993742,5.05855074969,0.0996633906026,6.88626551373,8.73617747378,11.2305129758,4.67206627983,5.37560893015,3.67872335698,4.55089815901
56,0.0996613291024,5.69057949237,3.81877568041,5.25025618203,0.0995923453667,7.31596907752,10.506745064,9.92396770003,4.96906382894,4.84363738596,2.01704975565,4.23886141632
57,0.0992739981778,6.25006194424,3.55849188303,5.42334847068,0.099262415787,7.26990219752,10.4052964291,10.8832141518,4.93121365644,4.67343294914,3.9706373607,4.09564185525
58,0.0981463403024,6.0510014788,3.90645072186,5.67298568454,0.0991191621939,7.64443628734,10.0821288729,12.778769263,4.84017339595,4.9646742068,3.59641143094,4.45921559265
59,0.0985184646873,5.44730030011,4.26281553657,4.91009451801,0.0996417877676,7.03633510622,11.07025051,11.2532014893,4.55689986031,5.20048326909,3.90583056494,4.45658485973
60,0.0994421752895,6.02376745228,4.53365305593,5.03530204132,0.100054774843,7.5773330753,11.2300841302,11.503940211,4.74962645848,5.20567599929,3.6572795256,4.50950922416
61,0.0994979977248,6.30953627626,4.0906064293,5.04944703917,0.0997684116124,6.8093665811,11.6463929863,9.86079961711,5.49474523932,4.82449973278,3.9255232741,4.2088958494
62,0.0995001322822,5.65133364063,4.02491708549,5.15539532461,0.100074139308,7.65580753169,11.6939008471,10.4271796042,4.8872593354,4.83294469784,4.05235660147,4.21296244308
63,0.0998457285693,5.91818474488,3.95291868775,5.53976200803,0.100024182893,7.40173979026,10.686140371,10.6048818301,4.74603404331,4.98054153654,3.9303545213,4.23560383783
64,0.0997725847717,5.87495471379,3.95059576385,5.00042665456,0.0995730957411,7.36130231771,10.7350265408,10.6197299358,4.86109622805,5.37588563304,1.49124167589,4.57509215844
65,0.0977272888601,6.01950432996,3.73162178381,5.29316429278,0.0997097786711,7.86094612957,10.7988659316,10.0553353437,5.13428488882,4.77184290168,3.90507187981,4.39936692566
66,0.0998998453004,6.22748918665,3.76832584364,5.24065103957,0.0993550337152,7.3681434798,10.0218798298,11.3602313301,5.23645395285,4.5174909331,4.12741992034,3.81665461419
67,0.0996579747778,6.6540729453,3.93278459441,5.26130506558,0.099299777734,7.41082935705,11.3480144068,10.0617610521,4.72227968917,5.06055090642,1.36089536128,4.3802212563
68,0.0999793594298,5.94864471676,3.99393496367,5.46208520051,0.0998367497661,7.69745792069,10.5270613535,11.0678203861,5.20667653434,4.33294282215,4.32685288146,4.03890136946
69,0.0997172342309,6.45257612412,4.25918431026,5.01915668674,0.0991380139173,6.50868283542,12.0148221406,11.2890871318,4.54804693099,5.05044519509,3.17621907813,4.0689757705
70,0.099275628558,6.33977909705,3.34603163629,5.64668446141,0.0991320091503,7.64616759807,9.63771333698,13.2445114825,4.63377226666,5.00884058562,3.34961396578,4.34966626321
71,0.0994933322407,5.43191666068,4.09887020146,5.12761601712,0.0993957360321,7.4628833034,10.9475261169,9.5052267111,5.18957935026,4.76011174857,3.59893098189,4.1975400033
72,0.0996846518264,5.9347995572,4.05954850682,5.17048279915,0.0997436631616,7.47070807912,10.6704599544,11.0839280984,5.26678812294,4.54427527505,3.94948626522,4.33312297104
73,0.0992611945895,6.17581251479,3.82212313454,5.08928102078,0.100044267383,7.13481191336,11.0607676757,11.1857398494,5.06187824575,5.08436058796,1.39951768955,4.56501520074
74,0.0990248297407,5.66682131149,3.47512947206,5.55918174912,0.100052814894,7.59835884648,10.4161805535,11.6323067744,4.97357979282,5.30148823945,3.52066003719,4.5257671295
75,0.0990918005869,6.69137921378,3.76034443575,5.53052053378,0.0993669423364,6.97124919636,11.1749762851,10.1669896916,5.14410790818,5.01079441985,1.52671305747,4.3057163291
76,0.0996509444224,5.81582010745,4.12805498262,5.04140558565,0.0994646338394,7.30666706887,11.7265804141,10.021001285,5.05739977847,4.82078887287,3.61108322442,4.05633127391
77,0.100007667653,5.85767169771,3.86356336313,5.61921291639,0.0998775995283,7.37519035773,10.9090269414,9.71522829609,4.97401520851,4.73978762967,3.92534144643,4.01921178995
78,0.0983382421705,5.49274613285,3.78359100854,5.96634038556,0.0998401589597,6.98638757468,10.8589659387,11.0898897587,4.87557769227,5.1721090785,3.36077066498,4.31012248644
79,0.0996328793787,6.00533908684,3.7853576566,5.34514295815,0.0998233044813,7.00974805073,10.4082284731,11.6914903332,5.30956027752,4.54946458468,3.98205794395,3.86916591631
80,0.098774181385,5.7446920736,3.60802664462,5.55540691935,0.0997491464965,7.63307654913,10.5912251286,11.233140503,4.70693515788,4.94648635277,3.38445503385,4.48378686677
81,0.0996560428692,6.42501417156,4.35102139582,4.94441949878,0.0998293887635,8.21130682983,11.1934766548,10.3784447002,4.78545310774,4.68110845202,4.0376915103,4.00593575702
82,0.100018439837,6.22467435461,3.8031369433,5.31530191633,0.0996876305309,6.92545105678,11.1325209931,9.86512139208,5.08373731281,5.08061893037,4.12060881474,4.21869841413
83,0.0990509411958,5.85401924713,3.7560177578,5.71960688749,0.0994912739545,7.83978248801,10.3457536307,10.8769482692,4.89313588729,5.13650299905,3.71198420697,4.56959700239
84,0.099837230712,5.56409475687,4.13214081443,5.48893977788,0.0993755520986,7.28422112613,10.933724911,10.3472505116,4.8317012297,4.90250357447,3.52659847361,4.00781962855
85,0.099612525527,6.01740070828,4.08572062609,5.15449537019,0.0996220886447,7.24500845256,11.2564546686,10.8073200038,5.24948969942,4.60034988081,3.68902959514,4.08422803981
86,0.0991085625504,5.62480690059,3.95227117769,5.35582649213,0.0998986023215,7.43719216417,10.8342272763,10.5241163712,4.61931090867,4.9320293517,3.78260974121,4.26582547521
87,0.0999996510852,6.29604511664,3.8558851971,5.44064741848,0.0989451656351,7.31253251971,11.1843067498,11.3221676462,5.09553117076,4.64513076721,4.02656713399,4.10443230374
88,0.0983498164153,5.65254976141,3.82923028847,5.30250331022,0.0986316686875,7.21024003647,10.2806471766,11.120270007,5.01137468525,5.03672740817,4.21577541472,4.1706103655
89,0.0990761830257,5.87313578535,4.27625861426,4.88577738687,0.100052558718,6.81582732759,11.0041997003,12.2059672926,4.82375194724,4.87930647621,3.45579554814,4.42237050593
90,0.0996831951339,5.8045482028,4.58174376945,4.80529781222,0.0995108407471,7.51811525666,12.3257665297,9.42371907924,4.51816679342,5.06011654941,4.07308945991,4.25262442035
91,0.0997256051953,5.91830017684,3.72516306827,5.4121480688,0.100057250148,7.60668772361,10.0025764802,10.3927208085,5.28437175628,4.86362282608,1.93980811789,4.25079012275
92,0.0991903704384,6.05738000583,3.83186339903,5.40906272787,0.0990612213614,7.57812643104,10.467010251,10.4271182603,5.52058757984,4.68658422913,3.90304219548,4.03884354075
93,0.0995710985187,5.53931818886,4.07077825585,5.23709368677,0.0993534318171,7.35946448822,10.6411158955,10.901536572,4.8426827325,4.94517155956,3.7236533563,4.17169088337
94,0.0998047569548,6.7025092462,3.59360943848,5.66356282008,0.0993205498554,7.1193948718,10.6300208909,12.9393829967,5.11196042964,4.69406615546,4.05327310869,4.06110321718
95,0.0996675700608,6.2866828556,3.2143016301,6.07606724437,0.0998762012209,8.11468940215,9.33283351827,12.0567608436,5.42764524468,4.60963388369,4.39488538463,3.9254624874
96,0.0982534702942,6.15121209216,3.73680717807,5.59607921756,0.10006926324,7.34932136513,10.1311926917,11.001280092,5.34025970707,4.71351975495,3.39894909672,3.82327719404
97,0.0979998316202,6.20677446063,3.38767961354,5.61136152325,0.0993213572561,7.43986023144,10.2261654794,10.8110058945,4.82584036745,5.2390629713,3.42135894188,4.19253795929
98,0.0999702131444,5.79890393611,3.85971479206,5.63368659334,0.0994583272259,7.02870343315,11.0796674442,11.5537612184,5.06265926786,5.17774820785,3.83871437874,4.05135290077
99,0.0997158885974,6.0552208073,3.91767590915,5.06162538679,0.100039714733,7.36787243608,10.096178407,11.1581605454,4.99767145805,5.09618133185,4.04012835627,4.36886521924
100,0.0997809256722,5.81192709848,3.97565897544,5.20797676568,0.100079320748,7.43195738935,10.0788437259,11.9904812321,4.90880891727,4.66342820479,3.75011471529,4.31982166493
101,0.100010300475,6.42199732473,4.04555612355,4.92499138888,0.0995231336172,7.25033805867,11.2672341811,10.4738550176,5.03710049392,4.9237595093,1.45242215223,4.36742326733
102,0.0993618376376,5.9803650593,3.9866485717,5.4980565212,0.0995977080109,7.27514971411,10.3652594451,11.3985489005,4.86189449247,5.0389483468,4.19784237646,4.06636590038
103,0.0997806251115,6.09297223038,3.76980112303,5.52618323576,0.099751869729,7.02429231896,10.5327315305,10.657072356,4.57770034709,5.04194135479,3.91528173264,4.48841495283
104,0.0999160344021,6.53023324435,3.73761283051,5.41322032732,0.100049175825,7.86997307277,9.69873949289,12.6929655512,5.42280451257,4.73074350614,4.27673448166,4.00982977963
105,0.0995731464333,5.79685138944,4.28129837725,5.04049845456,0.100007704007,7.23572212019,9.8154797142,9.68758022606,4.63750905121,5.31434293849,3.89082011637,4.3227797711
106,0.0991009243948,6.0102319652,3.95873860253,5.22467979764,0.0990852942673,7.3890308032,10.7640959022,10.9643689113,4.50839449161,4.98078473436,3.12451822375,4.30657323423
107,0.0998182000157,5.96302904467,4.08759283973,5.41046931553,0.0997648477499,7.3814045399,10.3207102315,12.9133282915,4.64894747224,4.96942736927,3.36123541869,4.37448158946
108,0.0983496466731,6.2758965378,3.84343420243,5.20393997032,0.0999989410107,7.91276343765,9.86817240367,11.3423008273,5.23676554977,4.33114951364,3.90204586901,3.81404358652
109,0.0991447181789,5.55612694224,4.26218818847,5.4459849323,0.0996440463011,7.48674137313,11.636230804,9.50829656255,4.84160853274,5.24471947183,3.62026467216,4.36279490532
110,0.0996710351127,5.57776899159,4.09742170346,5.216540112,0.0981675391909,7.90804118649,10.6662559386,12.1228493024,4.90782887409,4.69293569775,4.13506102613,4.15301249418
111,0.0989573787075,6.1316597307,3.62005157257,5.59270898783,0.0993159091213,7.65707727189,10.3941763972,10.9995709908,5.55078406282,4.6277344116,2.37554573867,4.17937649084
112,0.0996889477613,6.47816691866,3.84172096489,5.74508709597,0.0995144255652,7.27056411472,9.90727726632,12.8755946917,5.08629357135,4.7110619097,3.54808028428,4.1016901758
113,0.0984652709572,5.98540868746,3.63465460833,5.7796343335,0.0991444067228,7.43196297323,10.3242815389,10.9035731372,4.98634151587,4.73164461152,2.71677121519,4.33411350889
114,0.0997358791335,6.20006903265,3.54522140484,5.32144295578,0.0994103630893,7.48673146744,10.7157005551,11.1341046241,4.47182120228,5.27589589199,3.67356213749,4.33383381911
115,0.0993799604848,5.53905702687,3.99096390706,5.04733243581,0.0990527531081,6.98807068339,11.0298684544,11.7124174069,4.68540475883,5.04657289823,3.75699498844,4.20148407583
116,0.0990872965168,5.97209025548,3.88742403392,5.38686212676,0.0996620267591,7.18751788265,11.3424879273,10.7893651722,4.67136957021,5.57900307412,3.4278565442,4.54032026742
117,0.0999243758615,5.66427040899,4.11576048294,5.1254600497,0.099659134395,7.00661420184,10.7698935181,11.6902777913,5.29165437638,4.71592104672,3.55100885206,4.30158405315
118,0.0998667066603,6.06790024986,4.27085695781,5.03033151477,0.0988064502441,7.02000279851,11.3658372464,9.641578489,4.94075304686,4.76927539031,3.74634466389,4.28316061365
119,0.0987774693034,5.93308797209,3.85716151085,5.04769121223,0.0998104264141,7.39551429606,10.0704788376,13.3159708864,4.96448428225,4.57755131489,3.97000336256,4.0880459477
120,0.0992144156304,5.81603313243,3.86330625058,5.25717025275,0.0996008254558,7.05078523647,10.3063541615,11.0477121347,5.32100929645,4.93244959052,4.04502517267,4.02960152673
121,0.0995506917691,6.04412249507,3.75208958176,5.47408642252,0.0993571144251,7.73867659898,9.6377540038,11.1613195626,4.60364852767,4.97657350622,3.4868899252,4.23338325126
122,0.099784424796,5.91148140248,3.90070164197,5.16876772859,0.0997698984767,7.25444694596,11.4753360094,11.5129666203,5.19846349165,4.58065443526,3.85766815814,4.18663998548
123,0.0988993273347,5.89696514649,3.46796005869,5.57718187657,0.0988222263822,7.748051779,9.95155147943,11.501930504,4.7908388431,5.10748844285,3.52266584525,3.98538413525
124,0.0995579732778,6.46469366641,3.96390567829,5.52721736273,0.0997017659757,7.29362844862,10.5515048172,11.5374878499,5.06976487095,4.63684257742,4.08178486164,4.24609074778
125,0.0996248416235,6.07759467136,4.04084876994,5.23042539467,0.0998549962574,7.16970594545,11.9387315968,10.1627299497,5.27422946609,4.85995148595,3.38337864795,3.99246304223
126,0.0996893275747,5.75918498633,4.06863564741,5.02676423573,0.099906831767,7.04775436607,10.4084567385,11.8964677676,5.1780760637,5.13596605428,3.99641879638,4.28087876558
127,0.0994352437394,6.22909007891,3.74747354852,5.80366722353,0.0993937687422,7.49130898827,10.7751454868,12.1482593316,4.61394629333,5.16026867158,3.74457966891,4.56949665808
128,0.099922120122,5.59004044737,4.12981645491,5.17467714084,0.0997120988151,6.8340126855,10.8994314696,10.4146456255,5.04865216434,4.90571900838,4.13007582129,4.13707536552
129,0.0993946251368,6.27749014234,3.84170657628,5.469143828,0.0997515931413,7.40290973536,11.5051737258,9.36674514981,4.7927137614,5.11152683497,4.00354336619,3.96216453214
130,0.0996330665456,5.98550923037,4.10477876029,5.02115262998,0.0998825553776,7.28923875529,11.3201854292,10.3486403509,4.99151620167,4.89891455463,3.72007578925,4.18260611922
131,0.0995226259231,5.81913884529,3.93949855184,5.25944735719,0.099369810583,6.79860807851,10.938054399,11.2844752661,5.11660014612,4.95021686817,3.90347484258,4.04251044582
132,0.100010435068,6.22915791983,4.19847755988,4.94353286638,0.099505103552,7.24453561433,11.1099641801,10.9437964651,5.04984544429,4.7292403383,3.27175410516,4.18491442157
133,0.0996285737747,6.13735098526,4.21656414974,4.97791263586,0.0996012470106,6.85378484593,12.0107597114,10.6735591435,4.96645959089,4.77277979752,3.74118456097,4.23748010396
134,0.099729955352,6.25067199978,3.7377034152,5.5902709548,0.0988563884857,7.88259232991,9.8032001068,11.4002630412,4.81793529868,4.87957877699,3.84188972241,4.32786526888
135,0.0996185252512,5.77156746447,4.08255927622,5.13924059492,0.10005122295,7.59796601366,11.3875767783,11.033846791,4.67866988824,5.001268669,3.14852707404,4.06009878803
136,0.0999460469114,5.81072603774,4.07247702653,5.19894963074,0.0995084639705,7.38429435575,10.8119143863,11.2469352938,4.52181208395,4.9813057407,3.86424418221,4.41089552419
137,0.0997933131155,6.11687664021,3.85024763423,5.72868287983,0.0991856145776,7.86575863709,7.2073140839,12.4835473245,4.85830886474,4.89880744955,3.90785973619,3.99574739642
138,0.0988693680977,6.33004282534,3.89152882589,5.54182896985,0.099152502682,7.61815648973,10.9162609276,10.1606967607,5.0058303414,5.13434641406,4.0364830463,4.28063490381
139,0.0995531289432,5.71117214182,4.16638710125,5.08055641818,0.100049105899,7.47998256838,10.6296284795,10.7785484207,4.50885966603,5.05932999828,3.75983314357,4.33013764571
140,0.099410502129,6.43745924899,3.90018648694,5.0504787802,0.0993067745472,7.63095783461,10.2928622301,11.9246806141,4.99387865139,4.8902724094,2.13431140617,4.34112309961
141,0.0994137807318,6.70355784307,4.05711057717,5.2026471294,0.0996643468106,7.27162974224,10.830592166,9.17945801192,5.31098951938,4.72082522046,1.61160501789,4.04660383536
142,0.0998245189791,5.41235179759,4.36898937166,5.37548118285,0.100036289987,6.93912301121,11.3386793859,8.90181366707,4.51693757271,5.2729175108,1.52708713697,4.75680094236
143,0.0996012463621,5.51923654804,3.98456712663,4.97368566188,0.0994020099977,6.67667865154,10.8121695579,12.7176732987,4.92658366963,5.22210418602,3.70097874538,4.32836097364
144,0.0991729153173,6.17844110224,3.75007088172,5.58799453112,0.0993632834131,7.49904631274,9.729096415,11.1492952228,5.08869812849,4.67093011307,1.70814887026,4.14461079977
145,0.100034354098,5.99929393899,4.32241868319,5.13201394008,0.0994542833892,7.36725650584,10.2964836423,11.7764800012,5.51905300577,4.57524460556,2.25195988971,4.17067311545
146,0.0995525900228,5.87330811544,3.86227200925,5.2170725933,0.0993340502948,6.66003626034,10.9387662421,9.81875911518,4.67476545163,5.0416483635,3.9852854211,4.30139701309
147,0.0997262739432,5.93980403436,4.19230723874,5.08779673911,0.0997878913054,7.40156810091,10.0915972514,11.2786894384,4.85710513075,4.78759150526,3.61023476141,4.09567662052
148,0.0994233128907,5.41398110991,4.19742782355,4.68811452138,0.0995311070856,7.47422688482,11.0944110572,11.9430450974,5.12973408738,4.87183294681,4.06108372043,4.14650367578
149,0.0993496188686,6.02961620167,3.88865468081,5.3965759828,0.0996401654175,7.56650065939,10.5235891137,13.0392970887,4.91144273456,4.6026175536,3.89171146073,4.09973522728
150,0.0995195465208,5.85175066919,3.70981515837,5.27659498063,0.0997857577549,7.55117467905,10.6829302376,10.5882641151,5.0814611735,4.70991240746,3.80052934879,4.48167996606
151,0.0995249745241,5.68105856355,4.05575697942,4.94159123924,0.0997882593559,7.27827052685,10.2666012777,12.2189799558,5.24357399572,4.81942257515,1.59982607283,4.257703842
152,0.099119547951,6.28901513704,3.92747957807,5.46657312734,0.0991455445897,7.51939162255,10.4163616275,12.2837116913,5.20524162631,4.45211683569,4.05715129355,4.16425320048
153,0.0999403122527,5.97427589315,3.63996859912,5.61342606491,0.0994716059588,7.70378378038,10.5023170989,10.8031436334,4.9606927577,4.87207559297,3.94796704052,4.09219903614
154,0.0986838325103,6.32892313495,4.05627282564,5.27001638651,0.0995351862018,7.41564892028,10.6994825323,12.0087152326,4.84687118606,4.83020323399,3.79159778499,4.20779224777
155,0.0990604243693,5.90287897365,4.30724480542,5.03528015102,0.099639920645,7.1066189072,12.1322527314,9.43540115966,4.97468629485,4.97573166257,3.58161444701,4.1394863813
156,0.0992944137478,5.94280728617,3.67763613679,5.37476710568,0.0997865640512,6.86881854127,11.5014480897,10.251174285,5.0105530551,5.00173979298,1.83449339016,4.28525879326
157,0.0996413670917,5.89861319757,3.87948320223,5.3063211715,0.0996646016126,7.57028547349,11.2744566543,9.02236936419,4.47001462142,5.3020593683,3.44168837553,4.50730322299
158,0.0988594105142,6.31685367694,3.64399689957,5.62303132947,0.0996494841176,7.96028196468,9.5415770627,12.0950269294,4.70899571219,4.96073888548,2.52443543957,4.55745679503
159,0.0989070105087,5.33251618851,4.13533709664,4.83573220832,0.0996753534842,7.90125361672,11.0410138666,10.5141567804,4.77279019509,5.01710431567,3.26611867564,4.41753144302
160,0.09934600456,6.02975537752,3.96644999047,5.31466934127,0.0994525499347,7.07725213152,11.5147641635,9.84610917062,4.72602206225,5.25622824687,3.30864166278,4.30015177144
161,0.0991299842335,6.18413117662,3.60145105717,6.11100373497,0.100026797202,7.14363988813,11.1735071764,10.1342457709,4.86420972838,5.19303550219,3.70879258943,4.24484160334
162,0.0996361826564,6.36499124555,3.88349339843,5.09960271122,0.0986900051608,6.9939342263,11.1033153089,10.2892442476,5.12509344499,4.83004547997,4.2491540554,4.17403984192
163,0.0993595300418,5.82230225016,4.29984222229,4.8987702432,0.0993452665737,7.04683056936,11.4201852827,9.43392746467,5.16384678643,4.95811871252,2.31074686614,4.3084704896
164,0.099798406162,5.49793258944,3.93054505313,5.12188430691,0.0995467599739,7.47661337203,11.0080664201,9.9144429096,4.37616691089,5.3563744805,3.2542411752,4.44491424702
165,0.099804881883,6.19690068673,3.68747037388,5.41028662417,0.0996462677436,7.64808616029,10.1126512352,11.6137021147,5.13979190205,4.72180334374,3.85937532941,4.07682658378
166,0.099070820067,5.84316476156,4.29705672167,4.78085097933,0.0995472943146,7.34229621067,10.910626999,11.1575071804,4.91859813618,4.77698681786,4.22063304261,4.11557187433
167,0.09871190267,5.8089387335,4.26493419146,4.99807200899,0.0996282095858,7.34777762145,10.9127027403,9.55026516965,4.92673079426,4.70073063976,3.60107379424,4.19091495856
168,0.0987578717772,5.87473711078,3.97785251884,5.30105999226,0.0996837182553,7.195530358,11.5980184321,10.4941424298,4.49019137546,5.3230144691,3.34084301368,4.47893655869
169,0.0995014741203,5.59619209416,3.87165638633,5.47873342746,0.100046353628,7.22889813,10.4375037187,12.0798348729,5.05279777991,4.63577037397,4.15713206859,4.26244773096
170,0.0988172225597,6.11250087427,3.15591343229,6.00878321646,0.0990136014893,7.42254515811,10.3691754358,11.5068440504,4.75055555216,5.27507504083,3.2579048003,4.29072325227
171,0.0994620975549,5.70715520786,3.82960717519,5.56014018054,0.100092862498,7.4591150408,10.6518527497,11.2479516397,4.79880983088,4.89746727304,3.94140771507,4.25835302327
172,0.0984661619632,6.41144155787,3.55420238779,5.63120767463,0.099234150888,7.49107417928,10.2451366729,11.5239540136,5.01321622069,4.83770114453,3.67692568503,4.15283196721
173,0.0991325044457,5.95307147733,4.18284492861,5.13322040879,0.098737076561,6.68608055547,11.4705122728,11.9566092817,4.93951864862,5.20568595418,3.72883740838,4.18520714715
174,0.10000088067,6.40098858666,4.07925121114,5.10300588848,0.0997110560936,7.54294517221,11.1523455546,10.7837229792,4.45829740331,4.90957782355,3.90557541676,4.31287545559
175,0.0993732724377,5.74530514187,4.21452682857,4.86321602067,0.0994004359285,6.96643946633,11.5996973647,10.7582981856,4.9902380351,4.80832375119,3.97816648353,4.38567173437
176,0.0994651359654,5.43299901525,3.65634942143,5.69357049306,0.0995318971025,7.35213335999,10.1406229675,11.8039052998,5.01974813112,4.81116503227,4.17137365993,3.99734870763
177,0.0993758631301,6.59194543826,3.64979174271,6.01275156936,0.100037195001,7.83032755291,10.3042750308,12.7210202711,5.08463416743,4.72606033826,4.33137499394,4.04529731001
178,0.0996070443134,6.57964949392,3.79883693347,5.39289249563,0.0995370120058,7.89217341047,9.99456847933,11.9170923836,4.53731326352,4.98103075005,3.33545753893,4.20339443359
179,0.0995845935023,5.85719417786,3.93175845515,5.2921161225,0.099181242214,7.3734048518,10.800199642,11.2431494519,5.27093332408,4.71575157041,3.12262544359,4.60496804193
180,0.0987218707689,6.18075417735,4.10485046749,4.88124011287,0.0999931774777,7.23506145754,11.1384086398,10.382375925,4.94553189376,5.12745873383,3.93591878042,4.30567831533
181,0.0993019177278,6.31069013194,4.04192693395,5.47195425055,0.0995141975809,7.13819778017,10.5496979015,11.5605542723,5.28098202286,4.44930724513,4.19139485521,3.9837343047
182,0.0994322602494,5.58921744141,4.08423062159,5.13816595315,0.0999952705608,7.78599343603,11.2455102583,11.9069592695,5.07311900279,4.98645310534,4.02064517753,3.93653084709
183,0.0991513510717,5.4443238302,4.01170542372,5.13417193433,0.0998567697081,8.01256654646,9.49320544066,11.3863023744,4.88036528864,4.88128053522,3.58787954676,4.15155491847
184,0.0992813051968,5.41162335386,3.94296633339,5.49029605292,0.0991129073432,7.38813630659,10.6020217775,11.0586609221,5.15265238119,5.13228854438,4.08477786914,3.88647704674
185,0.0987060664701,6.09381018259,3.80663172685,5.47513530816,0.0998968579672,7.86675237136,9.58040716345,12.1332786751,5.00776570352,4.92186231307,4.25756896011,3.97773704791
186,0.099369697045,6.05899112649,3.38894697064,5.65820258492,0.0995400402368,7.62971038829,9.87086968571,12.6092447762,5.41157577367,4.91693707413,3.72529586855,3.85998252476
187,0.0997442048064,5.78331301155,4.3787886309,4.81778514706,0.0993893373599,7.37186017205,11.0566845836,10.1134000546,5.05379169522,4.71818256318,3.69519639881,4.05970418031
188,0.099476230535,6.33310580618,3.51507918966,5.5468815342,0.099784222758,7.3360682973,10.0303753587,11.6266368721,4.63594385932,4.79284643901,3.82236281244,4.06986146158
189,0.0993852915287,6.24490517131,3.97287710013,5.11151832702,0.0994470005454,7.73933440877,10.8796843913,11.6803978374,4.88775905418,4.69546538963,3.92648026525,4.42790679388
190,0.0997671092282,5.59819535233,3.75826324119,5.57642182143,0.0987042148263,7.16917660131,10.1608328716,12.698994907,4.56273848104,4.99393533081,3.73964757201,4.22327594289
191,0.0991334301197,5.94515852461,3.71584270463,5.42082857481,0.0991375700776,7.43821443541,10.2972542227,10.6312247546,5.3235318538,4.46441082804,3.84817335435,4.17089645193
192,0.0989925688238,5.90708443995,4.20273997473,5.22949921463,0.100053810308,7.03731607319,11.1549702961,11.7810199468,4.8153825705,5.07904845174,3.59316525377,4.24748013074
193,0.0995579550826,5.92163130782,4.04727256219,5.03800357858,0.0987926627081,6.59069479968,11.2974339835,8.62815762935,4.81701643587,4.89576359893,4.15765744707,4.2386478089
194,0.0993813498863,5.74080975921,3.735732013,5.35851560095,0.0990241008282,7.15448499067,11.2656064852,10.2691746,4.34692767815,5.01765729756,3.18818824939,4.5425018686
195,0.0983311351232,6.60782494399,3.64744886562,5.92893831497,0.0982515502606,8.20844582994,9.93310829093,11.7054564403,4.97227165909,4.66676220118,4.01131780396,4.14680296989
196,0.0995262186404,6.00483098211,4.08300506673,5.20180298278,0.0994114992227,6.93452795386,11.5686643812,11.5617991846,4.97391317517,5.04744127531,4.0254132265,4.18145484602
197,0.0991012848989,5.6460623496,4.41986526668,4.91487837897,0.0999345961512,6.96767236334,11.1486841838,11.781844878,4.97238120326,4.87396896612,2.77180398417,4.22403166335
198,0.0995654667058,5.46111981261,4.25604434654,4.8903124292,0.0999412478465,6.90350313353,11.1303352744,10.2209073799,4.95094577015,4.78972269474,2.68284096972,4.17047976632
199,0.0990654638458,5.75497580517,4.12396550392,5.18355149448,0.099588216409,7.56295646657,11.5565090098,10.2525363474,5.12777461214,4.65848520953,4.28516842988,3.97966457696
200,0.0995913880114,5.58308659719,4.01404315092,5.22083790926,0.0993578178857,7.69339991934,10.6597657769,11.4016719749,4.83858225216,4.68660645467,4.09232172216,4.13331829077
201,0.0992122592669,6.53890558249,3.9674674498,5.40392593434,0.0999288641282,7.31591564855,10.6507034252,9.5693502262,4.7784727473,5.09944299983,1.8051376783,4.48224805759
202,0.0998695720044,5.72097211138,4.13522622138,4.98117856834,0.0999713916069,7.22026572067,10.7177332018,9.90616680621,5.29339725943,4.48060290407,3.69131304044,3.93413306435
203,0.0993952187292,6.15961252756,3.97178769555,5.19866857604,0.0998965078946,7.10601162685,11.2225434151,11.1521487688,5.07588308418,4.22739460009,4.47217547024,3.78419935129
204,0.0988818032327,6.23166491841,3.79017350558,5.62942871468,0.0998357214797,7.649053898,9.77072390889,11.6640846193,4.63352003897,5.31414773077,1.60959688025,4.52644336824
205,0.0988363840382,5.86872953468,4.3130531305,4.9563443433,0.100042666212,7.26925142543,10.9637483487,11.0009061364,5.15561846374,5.03396210348,3.4383658205,4.20386540039
206,0.0988442530217,6.29044031936,3.49948651406,5.91606469984,0.0989328000633,7.92638737519,9.67598501576,9.80234049065,5.16663029834,4.5807818035,4.03892573022,3.94198277459
207,0.0993639449657,5.81763531868,4.09597001867,4.85484171228,0.0999572033545,7.11125568517,10.3031881255,11.7189373435,5.21620060024,4.83083448651,3.93276097616,4.13823885019
208,0.0986979282109,6.1393306531,3.67162824779,5.36591657011,0.0992107630878,7.58012557361,9.85935272144,13.2765736779,5.04840540206,4.6982081401,3.80117938386,4.26226772745
209,0.0994843017052,6.17439555244,4.02065689274,5.26241684583,0.099660030611,7.4216379099,10.9586301941,12.2234055038,4.61510409844,5.31962421637,2.94413609756,4.2176159393
210,0.0992839672878,6.2196776658,3.97166640762,5.41564642508,0.0996451240706,7.42368224997,11.3776920114,10.9538441108,5.01971004077,4.85606694159,3.30650476988,4.17268903577
211,0.0987885031716,5.8509326724,3.84897129071,5.45137721996,0.100046156857,7.26842305334,10.0353503745,11.6009832435,4.90472168942,4.90138198783,3.55229011772,4.6124983723
212,0.0987919966872,5.95514860643,3.63093118913,5.49902181567,0.0995996418434,6.88092579629,10.9857615038,10.0450236768,5.27224651053,4.81732978719,3.54428840742,4.20708038891
213,0.0997422426317,6.15120521196,3.89056161983,5.17376009203,0.0994109459631,7.01164191249,11.5116510637,11.3239158239,4.88610301362,4.8715648339,3.97707509384,4.3475914301
214,0.0996121670334,5.95958997979,4.16335228409,5.48544661225,0.0997801499842,7.37435979604,10.9132074266,11.0588943722,4.6635717335,5.17987216048,3.03573121573,4.49584866092
215,0.0998110999048,6.43489936943,3.76368270104,5.23738689267,0.0993733734176,7.44470205221,11.0109971558,10.4262188731,5.1653056634,4.91304545223,2.17997090555,4.10681615991
216,0.099520754306,5.98941957395,3.89951118902,5.49379326518,0.099176353255,7.18807026562,10.6186028618,11.3119481675,5.10612058479,4.9466336351,3.87796657742,4.14298638924
217,0.0986450916512,6.46286392522,4.22895595924,5.03620564651,0.0995275825469,6.71301016466,11.0875236801,9.64489453636,5.01877141646,5.17996063359,3.85633435326,4.35431634228
218,0.100030794001,5.39391865799,4.08515163347,5.18954220675,0.100055505529,7.17495849077,11.1266051186,11.36304087,4.86563341386,4.89571003096,4.1947926566,4.20371516964
219,0.09923256235,5.32942806391,4.16564478135,4.90145604312,0.100052443388,7.56499209832,11.3210338431,11.344846381,4.4985108689,5.01999930681,2.72712694008,4.23629342713
220,0.0987546461724,6.35180656351,4.19771100177,5.08249862992,0.100052909136,7.25275867872,10.2393988906,11.1957038025,4.76656567117,4.73587066063,4.21117423512,4.11597190588
221,0.0998593688382,5.85575342984,3.80030921521,5.53970279018,0.099800041698,7.27323733677,10.2211009972,12.7117098217,4.78683788617,5.04259111824,3.51692683126,4.16077508145
222,0.0995325099211,6.05745559629,3.91316118936,5.45622815081,0.100060771419,7.35041991622,11.0989334034,10.1808985899,5.10574017216,4.74138998806,3.93867747519,4.25042051283
223,0.0988956041066,6.04915655035,3.57259692068,5.64364743769,0.0996231044579,7.8208083665,10.2641073995,11.8365609448,4.69011162455,5.07732053614,3.97244871141,4.29388798716
224,0.0992789081919,5.63487269357,3.9546406624,5.18634641942,0.0991458649532,7.46617994412,10.4922562014,11.4329308348,4.83817408702,4.6907296866,3.68541474304,4.27453860757
225,0.0992298161536,6.36456733949,3.55570871464,5.68960707245,0.0996993464221,8.04432333486,9.50105439964,12.9257768541,5.3609825258,4.86054399879,4.23948385089,3.96207002013
226,0.0993910040583,5.98898405646,3.50677800833,5.53947907928,0.0997750001007,7.69777778253,9.39769691799,13.0210249235,5.31712086863,4.94724992623,4.23302992476,4.13260991308
227,0.0990590538418,5.53295517475,4.08591380177,5.18483154588,0.0989197953322,7.65883828968,10.3953518589,12.264431092,5.24365488539,4.61592681918,3.99157370621,3.8875981988
228,0.0992677656693,5.88806982688,4.11196865797,5.20953442274,0.0996315451952,7.19933101592,11.4647020638,10.461444932,4.41500903156,5.15278928908,3.74363327576,4.56471353241
229,0.0994087281561,6.71211432463,3.58692454809,5.47263810476,0.0994890297228,7.39372321088,10.7325870247,9.96272391035,4.72204330196,5.28687869739,3.41533443695,4.58601635428
230,0.0987745251356,6.0687879245,4.17252556046,5.03982536517,0.0997804940953,7.48321956419,11.4558752018,10.5791081746,5.03247630472,5.1097384132,3.72162218244,4.12359810856
231,0.0995045696162,5.75847296913,3.90861718936,5.42145347878,0.0996274344638,7.72237148024,11.1413463049,10.0890529201,4.87800094996,4.92293085928,3.40353129948,4.36489103345
232,0.0999555185795,6.2968528403,3.80300120279,5.55611494479,0.0992866433121,7.63834661023,9.57245929109,11.1205815527,4.65436557153,4.97388346543,1.64706901445,4.41714485077
233,0.0992577653057,5.47515978061,3.93402231757,5.21552049069,0.100002791522,7.21221728707,10.4330051843,12.6530235466,5.01582436312,4.95082784848,3.82643604306,4.20113595862
234,0.0995853328827,5.9837647956,3.83387625669,5.4004494432,0.0994348433779,7.65625796824,11.4556419648,12.6001371768,5.01965811272,5.10789672403,3.70576244799,4.28469097911
235,0.0991505541022,6.45355171503,3.70704608355,5.70702654318,0.0997663421707,7.1478917529,11.0483308239,10.6576490251,5.19228824893,4.85158133416,4.21107385223,4.06570443507
236,0.0991852547626,5.97763437846,4.40403381002,4.7461856176,0.0989222740576,7.67332042215,11.4969979069,12.3137640346,5.01170525473,5.11531566792,4.01426965076,3.97749722816
237,0.0994604987084,6.2576531263,3.84988143228,5.37274675318,0.0992727051835,8.01502698629,10.5740196966,11.8995542455,4.73160221209,4.99751052523,3.93383956381,4.33553122273
238,0.0992530817907,5.89966574355,3.62081699901,5.34045207506,0.0993714655238,6.84883608195,10.8145026059,9.32428771581,4.86076659486,4.97859098937,3.55729325831,4.16026485197
239,0.0985930883594,6.17926544387,3.68010722678,5.60726006267,0.0994361215024,7.30870113933,11.4141358314,10.3929006542,5.25118399872,5.30046168408,3.80025235964,4.09932738501
240,0.100009069628,5.69429791559,3.53838701092,5.75685047325,0.10003386937,7.42677486699,10.2999611796,11.8373008572,5.21165676497,4.55811100433,4.23724051137,4.08584875243
241,0.0995570638717,5.92106372476,4.05693493301,5.21685715226,0.10007612696,6.63643425598,10.7205592896,11.5741038515,5.11638009113,5.02355394742,4.31606702976,4.04934870081
242,0.0993977013531,6.08912505491,3.71763646334,5.60416259515,0.0991708259703,7.40492470923,10.9860991588,11.7084900676,4.92477729198,4.86977807538,3.89093172381,4.41504665238
243,0.0988283661597,6.27142335459,3.85148783527,5.56126041464,0.099373230687,7.39843466502,11.0551973471,11.5593359849,5.05039399805,5.00042856837,4.04856771321,4.13812808212
244,0.0996904145973,5.22406825237,4.11330586386,5.13010207396,0.0992474788994,7.38878361177,10.6728434049,9.80567635877,5.03640836173,5.17766587879,4.13821555587,4.20053027335
245,0.0995027186278,6.14947726903,3.88744449694,5.1507746383,0.0996027591085,7.34857646851,10.5318200376,11.3642934896,4.66247096371,5.01281952174,3.65703044846,4.24349559513
246,0.0991441016169,6.20327664939,3.5509680503,5.92558877248,0.0996962875716,7.40062323623,9.99313744276,10.8338607463,4.97805126105,5.04793938806,3.62336077835,4.4278419991
247,0.09892866722,6.11823207648,4.10418694855,4.74307047579,0.0996353327182,7.26513939969,11.7658061689,10.7353858302,4.86903085429,4.79765242871,3.71911706607,4.26161290509
248,0.0988321506434,6.04597204386,3.82774980509,5.17332256826,0.100048349891,7.13966551643,10.7039480388,12.2543745823,4.67754714111,4.81331317726,4.03707097911,4.29027651575
249,0.0987825669757,6.0084700585,4.12186170057,4.90735745583,0.0987113059909,7.38036833395,10.7196190977,11.0942277503,5.34348038644,4.86293191884,4.08343731168,3.89558458069
250,0.0990542475031,5.95552451597,3.94230168587,5.19116588304,0.0997721128251,7.39593286656,10.7058484487,11.2524872101,4.71064430403,5.21933893825,2.26153520761,4.65833338107
251,0.0984438143513,6.66884361331,3.59982664891,5.66096796052,0.0993124848859,7.53108432504,10.3750648071,11.3214102475,4.90517492049,4.90894694331,3.70609293178,4.39943795549
252,0.0991123134869,6.14788445283,3.77228881674,5.55486350041,0.0992624587625,6.9858691137,10.7470609839,12.0122767232,4.88615985863,4.76610703598,3.93251460275,4.07153740387
253,0.0985814803323,5.66008820419,4.16319386315,4.92365881922,0.0995427256784,7.29709442927,10.7953884233,10.7852007002,4.95961727432,4.9494304281,3.13374639856,4.20561818714
254,0.0995708425314,6.54591189897,3.46051022891,5.80279712664,0.0997124496602,7.52857231654,9.54747798812,11.8539826036,4.94071926624,5.1712450928,3.85765939906,4.21434287667
255,0.0994533140372,5.56360523028,3.95307908446,5.14592884251,0.0990914703411,7.77688991318,11.5963736565,9.95681421429,4.89812381622,5.24318361047,4.01182498748,4.26777473769
256,0.0995686991611,6.55487724837,4.15055710761,5.15926021647,0.0996513726946,6.91766097745,11.5677938078,10.0118964444,5.01169949934,4.94492239541,1.57949597019,4.08179182449
257,0.0996113544946,5.65294536983,3.99848739633,5.14671702072,0.0999692299628,6.90356594876,10.810041113,10.7307206203,4.7866509502,4.86709172718,3.69308672176,4.17900802891
258,0.0996136616277,6.61844444122,3.5907473255,5.65729156642,0.100063405597,7.19529048692,9.85989515181,10.1343015458,5.2649835135,4.83838586197,1.8984575243,4.24745562483
259,0.0995894574827,5.74428182903,3.76573573665,5.64399029604,0.0996757024595,7.89370528468,10.0206433063,11.6602988751,4.84390012839,5.08214358328,4.14866045129,4.06850402558
260,0.0996579050931,6.25611100837,3.54382974655,5.4235883229,0.0992578876601,7.86389892476,10.0918484621,12.7656768772,5.03120133563,4.74114812658,4.02842901366,3.90013770232
261,0.0999806272492,6.35913500818,3.73781490569,5.42196845551,0.0996144938165,7.68872644766,10.6692106423,13.1764187749,4.87083723648,5.38311217814,4.00252044754,4.29882973167
262,0.0995693978273,6.39095049593,3.80419282369,5.34712677918,0.0998013329609,7.08101383404,11.0458593809,9.72241475694,5.23327781921,4.7349276237,3.88778327044,4.24338024442
263,0.0991488145301,5.71457494502,3.42617414856,5.77965071979,0.0999156964213,7.37918762939,10.3766097952,11.1571003181,5.02041615541,5.26501556532,1.46351776583,4.36375060037
264,0.098912961804,5.47744002227,3.90242483975,5.08227764524,0.100049597355,7.14986308276,10.7339510405,9.68008182913,4.90928912295,4.97043363952,2.58226377028,4.10507524935
265,0.0996045237009,6.20472375674,3.79503443955,5.15399316962,0.100068185335,7.27245742283,10.5425872364,10.0461675018,4.63660353764,4.88137474474,3.70125015968,4.28179236504
266,0.0993407332896,5.93538125078,3.59283891004,5.7971463907,0.100007058073,6.98019836068,10.6390722988,9.85158292853,4.84714717826,4.93822145026,3.70534144392,4.18669967147
267,0.0996157727451,6.52327856343,3.60025935695,5.81135632725,0.0996119004649,7.7533520509,10.6712477734,9.7047118829,4.96559491845,5.18562158281,3.64629805455,4.43330969507
268,0.0994182213719,5.97123076327,4.17674664802,5.05280714336,0.0997860138206,7.26889686467,11.5552542318,10.0376575503,5.01713777072,4.81407133507,4.06489238767,4.19245882048
269,0.0999987235757,5.84836629108,3.8239360436,5.43670837209,0.0991926942753,7.4237602685,11.1771115554,11.3397764774,4.81361757549,5.07400401034,3.9198236861,4.35560090431
270,0.0994958700745,6.1413215987,3.76944053308,5.78097359808,0.0998013299498,7.14862839993,10.0789822092,11.8875885568,4.70688194837,5.20016551403,3.61465001821,4.43048628568
271,0.0989022199397,6.32064828913,3.90723158207,5.17701081844,0.0991903731643,7.33823513897,10.4140736795,11.7950336435,4.8009411984,4.77485352321,4.18639097499,4.26772989005
272,0.0995095123535,5.75005947014,3.98585659374,5.10824831073,0.0987272611536,7.42665166681,10.9203599871,12.0626584036,4.88665830383,4.82120285259,1.73377030108,4.35006341226
273,0.0994416069086,6.01052761944,3.77158915755,5.43769008346,0.0994281550271,7.43653829524,10.119638837,12.4941671156,4.80270002368,5.25368000732,4.17080793546,4.02494166233
274,0.0991225549064,6.28162481162,4.06531801713,4.9069999072,0.0991946899543,7.44135970935,10.747442889,9.96106252132,5.03182566518,5.14845128848,3.5034802294,4.48886001342
275,0.0997999600799,6.70641011412,3.74174539778,5.46871961178,0.100056184251,7.24144547635,9.97630252495,11.6271018961,4.76473415494,5.31939972686,4.13604900172,4.20464207248
276,0.0995765816952,5.82953371001,3.87341971275,5.58049460301,0.100029762611,7.175470253,9.71529075549,11.1742203086,4.97959172729,4.75419665709,3.85329652181,4.18054745008
277,0.0997199162738,6.13538446008,3.61240000232,5.67410860888,0.100074118193,7.7581760094,9.79259117104,11.5111203107,5.13074173769,5.07460680558,3.49977178065,4.10665002261
278,0.100034476573,5.75352056826,3.77939521852,5.4583502696,0.0990999779749,7.24405038278,10.4368759343,10.5977564105,5.09313299432,4.86400139589,3.45286667537,4.33208490001
279,0.0993142404811,5.70222984356,3.72531422244,5.57227260592,0.0992925340066,7.6613259555,10.8317267537,11.6551703328,4.79821858277,5.10685373816,4.16577569668,4.09158972391
280,0.0999518552202,5.40373411195,4.24818471104,4.82341243749,0.0996114913024,7.66367702593,11.199007298,10.8374034787,4.95716796571,5.12630189891,3.93565608469,4.33416990294
281,0.0994660046937,6.06974902096,3.80481816404,5.22222047172,0.100044928701,7.02112024034,11.0124444404,11.9234590728,4.88520993231,4.96204575274,3.82732201187,4.14285696218
282,0.0981697676981,6.01411943875,3.7196698546,5.47444114801,0.0994737344475,6.97103771667,11.5581616588,10.7794632867,4.91535257613,5.16835774693,2.10076073233,4.17849828809
283,0.098371976157,6.41582748166,3.9028930855,5.63372172421,0.100042840171,7.44302366633,10.6655883499,10.5612125268,4.61874934552,5.21951133325,3.64621457747,4.27761829618
284,0.0983274877955,5.88291374966,3.77509583812,5.37061369125,0.0980120466,7.43017000306,10.6316053953,10.3023620398,4.85634669703,5.20918293667,2.98315482506,4.2511953152
285,0.100010372933,5.75127996733,3.99817944182,4.95194207654,0.0989012793998,7.12700825716,10.9758427723,11.9335693833,4.83107197711,4.98475884562,3.75782118001,4.35707545908
286,0.0998134472574,5.88354560097,3.79818247717,5.82428096646,0.0996011470895,7.21440237124,10.29600687,11.5291765818,5.18515750279,4.76963975327,3.60650512253,4.4421121397
287,0.0991566466503,6.36350606892,3.92163267177,5.36523536313,0.100020161704,7.28168208575,11.0353196935,9.48925824058,4.89135748306,4.84407488374,3.86430471561,4.11314510208
288,0.0995722029629,6.73845103026,3.84150880139,5.29406591376,0.0994626030271,7.28117826204,11.3510135975,9.84282173715,4.82906636302,5.15233918277,2.27707558514,4.3156256471
289,0.100027306468,5.23788684825,4.16540289346,5.19033761307,0.0989631997836,7.22791578474,10.5683280691,12.2679147937,4.95562027151,4.74429661601,3.87173242541,4.37119189072
290,0.0990713181193,5.61036161611,4.38043923971,5.10584000874,0.0994907860956,7.32094789567,11.7871027473,9.97831766112,4.87776539016,4.90386931252,4.26325441557,4.11925537799
291,0.0998570506295,5.66129444294,4.32876595363,5.08017434586,0.0991910192632,7.29608270942,11.7095379489,10.6022187047,4.96249202587,4.87530726386,3.74951492719,4.40606546247
292,0.0993749149315,6.22604739692,3.92392870239,5.46709224292,0.0994688944168,7.88911134445,10.0733658137,11.4529209343,5.0364485872,5.18747499655,3.96356764906,4.20838920606
293,0.0993780218461,5.595805844,4.26209412835,5.00638624257,0.0995867273271,7.01451712055,11.6016233641,10.9472627753,4.68870101007,4.94664938242,3.70502639346,4.21502425024
294,0.0993953174918,6.23776302624,3.71852763277,5.34282321748,0.0998037564843,7.21422238794,10.1610344905,11.4353182485,4.34739698973,5.11715161804,3.54725891031,4.38511308483
295,0.0992886677781,6.44384675141,3.64082907452,5.73313386732,0.100018233703,7.63439817802,9.61135386948,11.7638288439,5.20375256548,5.14120357692,3.99768862082,4.4323052128
296,0.0996031590024,5.90851148922,3.76866590443,5.26783821423,0.0992157651936,7.63318143597,9.96994402818,10.910204956,4.73244283075,5.21672977206,3.30016594211,4.25052228396
297,0.100009692194,5.81754289602,3.63992223663,5.41658350751,0.0996882869059,7.06840030243,10.4672870278,10.6753750932,4.90840853254,4.91297966775,3.65725675594,4.2497805345
298,0.099791738641,6.04090147518,3.4717512642,6.08840785344,0.0994046137698,7.8922469718,10.0446623286,10.0935579296,4.86693970877,4.58162478587,3.84522499303,4.1626436137
299,0.0999832295591,5.9923328284,3.91791136841,5.10729065394,0.0995963149051,7.37952680149,10.6212475099,10.2057592154,5.54151096695,4.79770091689,4.11042658292,3.95581914516
300,0.0977076940601,5.52713349885,3.90274338003,5.59139156523,0.0995104652816,7.69998446297,10.370034653,12.0708455782,5.00931602673,4.92661340879,4.01222296278,4.33514025071
301,0.0997298227451,5.55890040464,4.39726442279,4.6821251438,0.0990843709502,7.16417196772,10.8567141219,11.7475295544,5.1174445907,5.01413023083,2.51167442363,4.3265281211
302,0.0997216900507,6.16143296378,3.8135420221,5.64731800752,0.099703564674,6.9806749664,11.0051963885,10.8165298515,4.55967064269,5.03903254505,3.55325704633,4.47373237738
303,0.0994946567328,6.09543791559,3.96523727351,5.18802218311,0.0992702725894,7.42879627168,11.5458516911,9.21092842598,4.95352424883,4.68226081239,3.89426203894,4.13186594789
304,0.0988539292653,5.75815311715,3.8912180359,5.25464173517,0.0998049108792,7.510096373,10.5116777973,11.139842717,4.91182472571,4.99753826336,4.10419893444,4.0728500328
305,0.0985964284735,5.94281515037,4.02008888763,5.47327718712,0.0995365775563,7.42286157598,11.2526580918,9.54373003181,4.96657735086,4.86844045186,3.98897504141,4.04440753673
306,0.10004034703,6.26149046231,4.12636702774,5.3338519708,0.0997369929763,7.12895540631,11.1745697338,9.97663223582,4.52621322648,5.19268098026,2.69900189745,4.25724422379
307,0.0989662820972,6.28018054917,3.84725298087,5.52806613383,0.0996353901456,7.67608903399,10.2709690745,10.5577428685,4.74116195302,5.40632053656,3.82037645576,4.13845614097
308,0.0986022720958,6.26016363069,3.97148027315,5.34076432463,0.0999532939853,7.19253407143,10.8477877103,10.849741995,4.77133851429,4.79946435041,4.08336573479,4.17476985315
309,0.100003765281,6.32996248046,3.82841269559,5.84923838679,0.10001527462,7.34895298931,10.4231130342,12.008578983,4.59972163673,5.05923370616,3.92010812291,4.58893619808
310,0.100011473414,5.78815826593,3.84118439208,5.37421845541,0.0996715019193,7.3645980792,9.70172379019,11.9300624357,5.17196212221,4.50788078951,3.9566498775,4.39927589381
311,0.0988524114742,6.11755698093,4.13664193808,5.23168420783,0.0996814790349,7.32535506789,10.8823411179,10.1528133416,5.0167584068,4.91135033733,3.68411721498,4.42069574561
312,0.0999065505746,6.03259040133,3.73531968995,5.5495314334,0.0995121246013,7.2492743762,11.1335851385,9.2951627274,4.79470710832,5.13791951867,2.90105520858,4.54196628516
313,0.0999949550154,5.47169883785,4.1672320649,5.09993676391,0.099795134523,7.00117762357,11.8445549646,9.37540430157,4.65261460955,5.26859030076,4.12779690212,4.24648952165
314,0.0995884938321,5.99558560936,3.579034164,5.64025434894,0.099802965431,7.69521821692,10.6205948217,9.65393420088,4.69515587473,4.9701860843,3.49660462427,4.18916997774
315,0.0991055249302,6.3090736722,3.87011273433,5.2697143275,0.0993975879553,8.24516722341,11.1541912194,11.0971396429,4.86740057428,4.98097859459,3.99935481636,4.4604238778
316,0.0990644522171,5.58382810061,4.16110931581,4.92680234714,0.0996565537411,7.10549315677,11.1454260515,10.0811921923,5.12505062882,4.93918575066,4.09215907682,4.1669040692
317,0.0990075119925,5.98192852112,4.12995131839,5.04036802214,0.0996508167539,7.39991222734,11.0283125056,11.0820055972,4.9558018267,4.37031932702,3.99947463593,4.1420291152
318,0.0995754384626,5.89221826444,3.83967043357,5.61588832455,0.100069707858,7.39946612408,10.6746889966,11.7779479081,4.92100845267,4.88360309646,3.44800542883,4.51085211526
319,0.0998232548834,5.82569654623,3.64298926551,5.44856008221,0.0998575555098,6.73685418372,10.6819785633,9.15919290416,5.29486433562,4.83292875126,4.01455792933,4.24319315349
320,0.099252694908,6.41426811926,3.98359231971,5.43020608758,0.0999111892656,7.58454364918,10.5125690463,10.7079660317,4.75252414058,4.86487791256,4.10046220639,4.18013472421
321,0.0998261261311,5.75710219513,3.82551040404,5.24738799932,0.0992227751346,7.51159820101,10.8851827635,11.2083728281,4.77769707379,4.8208595249,1.51268961059,4.40210065572
322,0.0999934505559,6.33402185903,4.10399206266,4.82950279565,0.0995030172563,7.08387317732,11.2241045684,11.0434853866,4.80004563373,5.0729258663,1.53985600512,4.19995752653
323,0.0992039224896,6.02130588752,3.91702139784,5.2483382473,0.0995937656029,7.40355113026,10.3388266842,12.6749834129,5.17575958225,4.7075765599,3.69883853104,4.25122421154
324,0.0993954002029,5.47475513676,4.30212473321,4.84252715785,0.0994327453234,6.69608315057,11.7575623177,9.28197640831,4.81846895668,5.23622559796,3.66202110846,4.33859197766
325,0.0987907471938,5.72850327528,4.05425687055,4.99534694141,0.099744630148,7.11040939457,11.6638826047,10.2351168438,5.03706114858,4.97320696899,4.13614215705,4.18563171241
326,0.0995589182364,6.12726924185,3.49866344357,5.55635902726,0.0991480719635,7.35625714892,9.63689002781,13.2075595877,5.1469202669,5.18054973603,3.46748792998,4.14150820474
327,0.0994955196384,6.00486880261,3.87602760827,5.35498485099,0.0995624894179,7.34157149935,10.3160276249,11.1850462694,5.26755628518,4.38364503134,3.76956524844,3.91057576993
328,0.099760343361,6.0332932068,3.80087725722,5.46755755363,0.0997168211794,7.31800986077,10.4507122538,11.4494220311,4.96977513754,4.77690037185,4.22008167251,4.05001434523
329,0.0995916887634,6.00930824524,3.77451647785,5.32568853979,0.0996063699308,7.34526780534,10.2312624306,10.5179107219,5.50628137656,4.5764748589,4.28449223239,4.01872083464
330,0.0995691790072,6.06334188921,3.62063214866,5.62603597924,0.0995965249614,7.52615998229,10.4163758759,10.8444499704,4.89385592353,5.01788310483,3.65543466424,3.93370613126
331,0.0990209369307,6.37504435543,3.7078202805,5.51929575439,0.0997406374377,7.14877408365,10.0482558654,11.8486783394,4.87186355597,5.17689490379,2.77911525501,4.09046325487
332,0.0995313942236,6.11700967591,3.87285451946,5.36753428481,0.0990878673535,7.04692889699,10.9842970158,9.95374582641,4.9383140602,5.20174691837,3.63494003241,4.25585817588
333,0.0997105763425,6.13245864345,3.6502078038,5.52000547396,0.0996911409041,6.78301184151,10.3534526232,9.78322729695,4.73571987784,5.1075726721,4.05686338832,4.19496565933
334,0.0999108734616,6.12451722317,3.91915496347,4.97630260814,0.0990111491963,7.45401547034,10.4371291141,10.9664667077,4.82441936296,5.10789992013,3.81833539907,4.41657585638
335,0.0991571031014,6.14342545896,3.68911767246,5.83050431996,0.0999579033989,7.27645875641,10.6439227986,12.4056110617,4.69032998028,4.94054998997,2.91965461261,4.08380106844
336,0.0995374130333,6.26273317014,3.65999081231,5.47677128613,0.0998480587405,7.52960646732,10.1366807848,10.8239912857,4.88960843975,4.99949723258,3.73881205726,4.11110659424
337,0.100013599266,5.53916658781,4.03017707365,4.99600859952,0.0993861295059,7.67396951244,10.4767183563,10.9521588054,4.64177907745,5.04824090997,3.92330530542,4.28796681511
338,0.0994378660297,5.71632285752,4.18751229809,4.96794843061,0.0994441353182,7.06664909788,11.479136164,10.1513376701,4.65156545241,5.01331541966,3.9395611279,4.33942764028
339,0.0991957260571,5.97920058087,3.54172646164,5.79050200173,0.0990532709042,7.42668705416,9.43028022505,12.4980845569,5.34785493638,4.67239551882,4.07495795663,4.13355302154
340,0.0995719367624,6.02256048203,3.60121750201,5.58837659262,0.0996958370319,8.12870722147,10.3454301512,11.8292666341,4.99058738708,4.93495679401,1.59282389683,4.11420709618
341,0.0991655228765,5.70022942256,4.06900726977,4.70501352006,0.0999381754126,6.89487316057,10.1875964419,12.1352222384,4.70568255736,5.25543431298,1.48129449614,4.40288706443
342,0.0995748866137,5.80412028167,4.0299376897,4.92874551192,0.099628821142,7.29145912133,10.6832681705,10.3246384935,4.99388757681,4.59012236059,3.27240018013,4.01152029832
343,0.0989593576308,6.07845860599,3.8912856609,5.44220776164,0.100038762504,7.27493997394,10.0892295133,11.2700081156,4.66218762993,5.08697951434,3.17542346042,4.52702663995
344,0.0994959457197,5.6362522642,3.82849720262,5.11031556022,0.0997708487277,6.90136903284,10.2895938363,12.9547613407,4.99841723657,5.00920641028,2.54431428308,4.22003440634
345,0.0997450267956,6.59850572136,3.62040896915,5.53483028563,0.0994117099393,8.34256569867,10.3322869267,10.3381674397,4.86148974376,5.08915245705,3.94376634158,4.32827745053
346,0.0993258536666,5.76498469755,4.14546432735,4.82048074322,0.100052357509,7.10137838973,10.494293455,9.66420702944,5.05588881577,4.60281662417,1.69744876279,4.00637034208
347,0.100006641645,6.50065486541,3.55171128467,5.96571368788,0.0990300216825,7.71479007546,9.90326130775,11.2235937972,5.20810117325,4.54024154285,4.12486904212,3.96426765187
348,0.0994265376906,5.73407353932,4.03959544997,5.32717899509,0.099758539095,7.62934728475,10.8763075242,11.5333382121,4.45161601246,5.21750498597,3.8745744919,4.51713284732
349,0.0991411687274,5.88626103434,4.09246548193,5.20060662762,0.0990597256832,7.79025003679,10.1163550143,13.1407991082,5.07039016473,4.83897351136,3.94137482248,4.20371582102
350,0.099277568695,5.65591377281,4.02535768062,5.43053902074,0.100045451424,7.41120911418,11.0481430598,11.0344203199,5.13845232658,4.81664235726,4.36238228876,4.23060899449
351,0.0985229696128,5.66711757162,3.99162892468,4.87889735541,0.099843315213,7.29459798606,11.1370580941,11.8161444995,4.94868372599,5.02079924683,3.96849501128,4.40409659453
352,0.0983397188767,5.89652716245,4.2177631217,4.77162346262,0.099179523474,6.95573068406,11.1583411636,11.5249524083,5.12919818561,4.63022221589,4.24574195961,4.02655458766
353,0.0995266065885,6.07105545381,3.99714514061,4.96345757955,0.0997282502486,6.69446643369,10.8518202967,11.7386235036,5.27124981659,4.81305438048,3.66186361356,4.19770688821
354,0.0986305500418,6.04172800933,4.04125936498,5.11801308919,0.0997338636441,7.64654077325,10.8768157372,10.4828936705,4.7722032295,4.69386256495,3.81493156832,4.10468878728
355,0.0991310047429,6.04911457425,3.52932412553,5.5594529914,0.0979928795251,7.4647420932,10.5032126739,9.15043964046,5.45188306959,4.80678646428,2.75452705062,3.9096205043
356,0.0999818814343,5.51442585796,4.10856211414,4.86865509506,0.0996153921552,7.15460643579,10.5894710766,10.0014789805,5.38520609984,4.84634601894,4.41452281888,3.96269114794
357,0.098868094759,6.32786643192,4.03039476534,5.19927435188,0.099885808509,7.48081813648,10.8272459409,11.177811117,5.14896678135,4.94993364162,3.68543514499,4.40401292623
358,0.0991480720733,6.05548762376,3.93872315039,5.6348519159,0.10000014325,6.96226188398,10.8861076625,10.67487504,4.61918045801,5.17444452956,3.48820436542,4.49567008511
359,0.0992103518842,6.17344929774,4.05326195409,5.21828250456,0.099734067041,7.4054839915,10.1911473291,12.5632619039,4.83279367591,5.05715689556,3.6701340676,4.46614703827
360,0.0996564064527,6.33358787484,3.76542355332,5.40007492707,0.0997972724758,7.51082456162,10.9440613356,10.264289764,4.85392856607,4.86996323987,3.937751977,4.27447264885
361,0.0994767209457,6.03408348608,3.77038927384,5.42203393525,0.0993578997652,7.22260591453,10.2162263756,12.4661162561,5.2657809102,4.9168627995,4.19424883003,4.04371216972
362,0.0999372280936,6.18270804042,3.60800646041,5.61016549314,0.0999797125806,7.23161467573,10.4174553474,10.7175785033,4.74843240736,5.09167309375,3.91110987615,4.27880385338
363,0.099702540831,5.85105159325,3.88649167449,5.12610377819,0.0998196367673,7.57366845123,10.9747256014,12.2126726119,4.83718636369,5.03982988457,3.92206140663,4.38185095811
364,0.0998032099865,6.31773119107,4.0355556644,5.04704528013,0.0997131782608,6.96234416414,10.7021274941,12.173660082,5.01874467309,4.81997431155,3.9338125098,4.22175921907
365,0.100033024772,5.41884827472,3.63258988849,5.52870987546,0.098860314034,7.69360965307,8.76201376567,10.6568959231,4.90483189496,5.00361109526,3.93416400754,4.27994124846
366,0.0991894273659,6.50687872702,3.53968635674,5.35847980299,0.0988521040896,7.14169701563,9.98988222736,11.4498424545,5.0563476792,5.17867238344,3.51548056553,4.15638964432
367,0.0992406507047,5.99002366903,4.10054334985,5.25261102116,0.0995011856304,7.85559379881,10.1614028138,12.7615025309,4.44900504406,5.2236912979,3.35108908911,4.24536909772
368,0.0998503211269,5.59835666631,3.99860545618,5.10853723122,0.100041921168,7.9714257404,10.6810617563,9.83254172112,4.84218926868,5.24515903784,2.41053459938,4.50336343233
369,0.0994007521734,6.14726014569,3.87072592524,5.31577624248,0.0994655435023,7.69879778654,10.6834133941,11.5319361002,5.10478811414,4.87044510139,3.94067690154,4.11329247525
370,0.0995465107813,6.06229027528,3.51424745179,5.39920993449,0.0991807067422,7.30168247415,10.2280912954,12.5555947351,5.04189138495,4.85332001874,4.25591105201,4.10756061145
371,0.0992624662327,6.65350219626,3.60480267833,5.37258294583,0.0990453083995,7.42573400224,11.3590644075,10.6436183711,4.70603270272,4.92963650288,2.95407450688,4.47855932944
372,0.0989359945632,6.47852455154,4.04967702732,4.93473360915,0.0996544125522,7.0759785203,11.2615824964,12.1428121611,5.03473979233,5.07238115719,3.25157311271,4.03929132781
373,0.0991569701885,6.48464584353,4.3475199693,4.70321155605,0.099738046075,7.52763124418,11.6771782872,10.1389883007,5.08463742522,5.01428917775,3.80454099927,4.14196591646
374,0.0992551794815,5.68396531276,3.90970036022,5.29305442181,0.0999065800558,7.37939094915,11.0597731498,11.0130422486,5.22239103384,4.87645897235,1.52903264052,4.28988045931
375,0.0993796294075,6.37141137411,3.68322094275,5.45581410758,0.100037723609,7.30205369267,9.69220694939,10.5752557477,4.95980064192,4.8115916887,3.96529281912,4.33453603279
376,0.0993523143499,5.92525967606,4.31890253481,4.84973734697,0.0997067676274,7.27631393627,11.2435143464,11.4030391424,5.05335888991,5.18655190659,4.11596843506,4.16367417026
377,0.0991535419805,6.0879774928,4.09644782028,4.94296829509,0.0998191870698,7.06337906527,11.4684074139,11.31336123,4.91184143258,4.76392298539,1.4860751314,4.23410918934
378,0.100006719958,6.71232985657,3.51490577566,5.61179579849,0.0988412120729,7.41621836861,10.747927493,10.1852464735,4.9518028722,4.93775889105,3.71486639536,4.22532722958
379,0.0994726741004,5.96023579862,3.6227896696,5.50051417041,0.0998341390342,7.11006209594,10.2813401032,11.8572223564,5.03272031304,4.65602818501,4.21166799822,4.05381982483
380,0.0996115885507,6.23759778091,3.67027809989,5.5911471518,0.0988756867353,7.36928394443,10.8706649371,11.1485233323,5.03609927635,4.77955236772,3.99980390487,3.94765231079
381,0.0993409321385,5.86126813001,4.2048125834,5.13071909936,0.0995060039751,6.76444965396,10.3315693421,10.5045013684,5.05384499164,5.01993889742,3.71471763143,4.23049180863
382,0.099734206029,5.7495713428,3.98978585063,5.12593437632,0.0992995021557,7.55539213652,10.205812917,11.4598775875,5.02855932027,4.34415280178,4.30826954371,3.92897923838
383,0.0996873758574,6.03420894143,3.61735884143,5.47191135876,0.0989996950714,7.46468968146,9.816525817,12.6374614194,4.9649579984,5.11002644999,3.42088729882,4.32104565654
384,0.0996443514912,6.34189447687,3.7411865602,5.74622758745,0.0991083676134,7.0338463014,10.4769453364,11.4757343831,4.80602818785,5.10701334474,2.34841718654,4.44294380516
385,0.0991204395823,6.70367265384,3.34097447358,5.51359673971,0.0996877201795,7.57614615558,9.73791828923,13.5831082877,4.9943831222,4.96959781028,3.94260206061,4.28887573227
386,0.099336460195,6.20772375085,3.60991704594,5.61523618678,0.0985488393879,7.49640027402,10.0688601763,11.8844226502,5.37775901826,4.85711853332,3.24586982846,4.15039500738
387,0.0989454768265,5.86486347754,3.72669120518,5.54249041077,0.099267518627,7.15281325981,9.96563790914,10.5607940782,4.8549231712,4.91501515002,1.7358070978,4.12888609947
388,0.100033751163,7.03529783623,3.5084175851,5.71906033584,0.0993834312429,7.48819469946,9.79241611427,11.3930046622,5.05431883807,4.82667046713,3.85627036796,4.09872337297
389,0.0989658439649,6.63154251013,4.13779122025,5.10903194416,0.0992232538019,6.99110515073,9.51837745156,11.7477650525,4.39570361423,5.73355135622,1.2924662756,4.66970965762
390,0.0992299078362,5.80865472681,4.00041059499,5.11264314863,0.0997004387475,7.65232385176,11.6860769375,11.5464945958,4.59294682423,5.22735278123,3.56486099827,4.52235369751
391,0.0988361766952,5.56040444021,4.03056514778,4.9126476099,0.0998920744834,6.83463029743,10.9318583296,11.6712066245,4.43173231532,5.20773771041,3.62096719098,4.50971404818
392,0.099446318233,5.83274390113,3.99880255939,5.3936712428,0.0985687833589,7.658535984,9.12463807426,12.9011273531,4.92348464417,4.85704665553,3.98334202749,4.31053909655
393,0.0996075784183,5.77519200702,3.69320028029,5.42922571208,0.0994392681035,7.51065260705,10.7006699546,9.88823041879,5.10147946388,4.92133010542,3.79932750745,4.05200757211
394,0.0988019218925,6.30157965453,4.17904160841,4.95696069272,0.100077831641,7.23284417886,11.1552249033,11.1278795376,5.10939603531,4.95313834041,4.03954243267,3.94971195223
395,0.099389358829,5.54140732573,3.99797597228,5.46937138798,0.0995907140547,7.15395294389,10.9311522749,11.4499807014,4.92822436046,4.91957482847,4.05739412415,4.25845529113
396,0.0992665632734,5.30301976351,3.81016049659,5.14658201751,0.0994479472207,7.04463305239,10.5989348782,11.3808192342,4.9142392985,4.56622304609,3.94358820715,4.1605444693
397,0.0978423499097,6.64394054344,3.9109556964,5.27600195439,0.0994748166748,7.21368466663,10.8336103628,11.865727956,4.87432715089,4.91434150471,3.8433916502,4.34913180904
398,0.0993532668,6.2457990225,3.88614107047,5.186145532,0.0993786719962,7.34222904816,10.3896748291,12.8437473662,4.75958232373,4.83278011791,3.66972215477,4.34136093305
399,0.099303234116,6.04771512714,3.95201275578,5.6177778692,0.100068486111,7.63517468958,10.7709316471,10.7109488255,5.1486256936,4.48918521642,3.35034574131,4.0304932252
400,0.0988998313899,5.57663008899,4.18913651139,5.31857825644,0.098239438224,8.05213302938,10.3599783655,12.0172117369,4.66049664596,5.41839494639,3.8574976668,4.44611033505
401,0.0997944146104,6.16161156248,3.61976298035,5.56581180082,0.0997166131489,7.37612867979,10.5942465076,9.59052931907,4.65444130255,5.20956906634,2.92276033612,4.35682222091
402,0.099129176735,6.12985129896,3.72707304008,5.45427996683,0.0997765294965,6.8536622874,10.7780171167,11.1048450765,4.76754113773,5.04160750768,3.60191559239,4.32999761144
403,0.0992721899986,5.76567738199,3.73168465886,5.40624497197,0.0996402471965,7.2298662189,10.759620996,10.1724174785,4.65306555999,5.2061382951,3.36881849585,4.36862650227
404,0.0999357930904,6.89979759968,4.03848623586,5.53279276224,0.0988473047435,7.34405195725,11.1646367722,10.4137701059,5.12035759477,4.83823813252,4.12313559469,4.17089491085
405,0.0990678175805,6.24753109296,4.32249491378,4.95000048561,0.0992165035437,6.92985606023,11.3907205191,10.0592194842,4.66556484011,5.02190494016,3.70859485676,4.17107020643
406,0.0995722475253,5.72617147519,3.94146946595,5.25421909966,0.0997329096901,6.983105423,10.6700894384,12.2561064448,5.15049951077,5.01399747435,3.81806773706,4.11363396238
407,0.0989075377083,6.21682553594,3.78182551064,5.39566496739,0.0996222259708,7.09310279435,11.2719804645,12.4244023114,5.02271246261,4.73367317092,2.80802009866,4.11832809554
408,0.0996559228553,5.99272562039,4.00170570931,5.16697642826,0.0993132590448,7.00952758865,10.9151630797,10.5270874659,5.38345588998,4.5486458591,4.47927009538,3.79120275694
409,0.099347458357,5.73443995265,4.03211618305,5.33113863578,0.0994628013904,7.23549144585,10.4487895499,11.2167368364,4.58052609817,5.10594549066,3.77247442145,4.53672131218
410,0.0997360953871,5.8603727664,3.64860784388,5.47852708515,0.0999796205452,7.48275487891,10.5224586929,10.4982162849,4.88677427217,4.76927197605,3.87706250347,4.16568842546
411,0.0992165629794,5.58688335453,3.76647972647,5.21946842075,0.0998236303383,7.52026444632,10.3458838853,10.3132953283,4.90602114097,4.88430406618,3.7479840765,4.09186840938
412,0.0996482861483,5.8903027231,3.80429788119,5.53216183204,0.0996411267465,7.38849827343,11.4275779936,12.8906559505,4.96228284234,4.68357832847,3.5788262069,4.1440382104
413,0.0991746978584,5.93413553049,3.99820381162,5.19726781697,0.0992374476421,7.39367999609,8.23836373194,11.9496612579,5.19289713481,4.90266410454,3.17598921747,4.13818199964
414,0.100017254396,6.21421918136,4.22446463639,4.73891843169,0.0997039542287,7.05437743674,10.7699546534,11.2706997006,4.62922004367,5.03856020301,3.23506316679,4.25143372076
415,0.0997915662619,6.25714651341,4.28572060933,4.68481297325,0.0998122806875,7.24395887697,11.3444522868,8.89576078511,4.70850080545,4.76635382863,3.95650192074,4.35341315225
416,0.0995633539567,6.07466963967,4.25383835391,4.90658488976,0.0992524598881,7.54025325137,11.9219990229,11.3745430333,4.54099911099,4.97259380447,3.89510565983,4.12126574359
417,0.0999170156265,6.16307681849,4.28893950683,5.21943844196,0.09971561866,7.31934613637,11.7266330789,9.35768870847,5.17634726887,4.95762346648,4.20238513196,4.08561046418
418,0.099552036555,6.63544415629,3.92873631142,5.28202463707,0.0992518615893,7.35021749539,10.2680395251,11.3362137123,5.04865628102,4.72293381076,3.93083397919,4.04284141783
419,0.0990674290665,5.93266914029,3.83015895912,5.31422119531,0.0990835921063,7.70719378838,10.0982481944,12.0111491427,5.49933843305,4.53143351255,4.18309182782,3.87497651232
420,0.0995041496767,5.68892174497,3.86610851202,5.39592915199,0.0996499028718,7.49110024773,10.8865799024,11.3268198586,5.0985005086,5.1468234234,4.09262943891,4.22172612487
421,0.0997942657217,5.72757959234,3.77128923078,5.39542959766,0.0996989926929,7.1357080899,11.1094531004,11.4938457046,4.86717315455,4.57731262142,3.93220472076,3.99670748233
422,0.0991558454348,5.87888446634,3.84723523085,5.47802812056,0.099402420881,7.40330375821,11.0808713153,11.7362970735,4.89978647193,5.07873588514,3.02334242566,4.30500873706
423,0.0988210742478,5.72124395787,3.93861794856,5.46969695124,0.0979577770484,7.71696537663,10.1506932662,13.000868936,4.79238500239,5.01142201185,3.50289568858,4.32572880767
424,0.0984671318955,5.38431610423,4.28523898629,4.64948682728,0.0994937099521,6.9720896927,11.1774312021,11.6986887079,4.99345756809,4.80964713394,4.21930790894,4.20805009694
425,0.0989364646678,5.96821582029,3.82335202211,5.36077062671,0.099454727219,7.58242381437,10.2214265183,10.0812088561,4.90803930386,4.825189505,2.8561932001,4.14171452657
426,0.0990588221031,6.1243247206,3.76492959523,5.15830840087,0.100017415235,7.37607220408,8.11072680515,12.446805958,5.13071446898,5.04907126462,2.90167436626,4.30064034042
427,0.0989498706358,6.05062322752,3.86836168318,5.71523922346,0.0999502159128,7.34272744325,7.98295056085,11.7013832173,5.18955452306,5.05297729843,3.68129478306,4.19821762308
428,0.0996928129423,6.52154668939,3.92036377625,5.68279123366,0.100083556846,7.62448173194,10.9421617434,10.751038987,4.87655318336,4.99245302329,3.8183649524,4.11205066251
429,0.0999637499,5.92935553095,3.9510957114,5.15660674633,0.0990622006236,6.82873136629,10.9504324429,12.0587883246,4.9242910513,4.74498367866,3.80772050819,4.19676729633
430,0.0988214136242,6.15523262409,3.75414558458,5.19953690586,0.100051473069,7.04902110474,10.9645814896,10.5091078101,4.77419127904,4.98187723024,4.00584316019,4.22190452645
431,0.0998700578679,6.05708736174,3.82054916973,5.06576601617,0.0993334687956,7.4024699005,10.8409549683,10.5684669049,5.10019800437,4.72665696358,3.95401918801,4.12117892829
432,0.099635252371,5.76640525325,3.77042943563,5.29605711363,0.0998951751682,7.4284050863,11.1074800454,10.9154520623,5.08884456928,5.08852838191,3.18813651968,4.07423567927
433,0.0992718476974,5.41310355407,4.24516479066,4.92758078588,0.0996517501704,7.63008097133,10.5653492606,11.8184386206,5.08833604851,5.08572207999,2.64778410927,4.4593033635
434,0.0992394238818,5.97752087538,4.33142240701,4.98360122052,0.0997286579348,7.43610181713,11.5886094151,10.8988903825,4.91747448349,5.04910356933,3.6621329452,4.2972844855
435,0.0993798175547,6.22558379689,3.76370614881,5.32844281106,0.0993448881066,7.70645012581,10.1549799591,12.0854099999,5.24820846227,4.54053435137,1.84740713358,4.1595930511
436,0.0999996569733,6.16413585267,3.71909841216,5.49555170818,0.100067847079,7.35892927336,11.0544797508,10.8022279896,4.56171964357,5.25114297993,3.88631076693,4.33385914466
437,0.0997590477616,6.21967448941,4.07343640009,5.05420577743,0.0992399512326,7.15255402902,10.5370871951,12.4438519079,5.22430539971,4.76528992337,4.0863268706,4.20547829668
438,0.0989974518963,6.07672076965,3.62183139993,5.77188157143,0.10007529776,7.57194667218,10.2510753486,10.2189064962,5.03536545464,4.55997509668,4.27382099582,4.04015616477
439,0.0987325740929,5.79872141349,3.83820751286,5.45455899222,0.100001486653,6.73918665494,9.92749572027,12.8836296655,5.03544881266,4.81445930269,2.32125918998,4.13297310788
440,0.100006456389,5.52666555682,4.01586556804,5.356661614,0.0997368035708,7.52105285712,10.7885507307,10.9787069046,4.87969590531,5.02270960277,3.99849090701,4.26594738639
441,0.0998754851542,5.98285615322,3.98981648996,5.38782862345,0.0984013115905,6.69920943181,10.2998672366,11.4691582117,4.77223835655,5.16294269112,3.83746135061,4.43314733653
442,0.099163238785,5.81281731574,3.54297009179,5.6918730181,0.0989688067547,7.91413415606,10.0853558214,12.2299428264,5.04463175937,5.04643107047,4.08403253979,4.12105241409
443,0.0991970428271,6.11403050646,3.64532275991,5.46173581311,0.0992737543349,7.95067033473,10.3516969818,10.2309560039,5.1869648533,4.91477669953,3.69783187261,4.22095374807
444,0.0990146204615,5.68560301649,4.21799438238,4.93827336415,0.0987313540955,7.67319925137,10.9903562944,9.38903059221,5.26461721739,4.87766299899,4.20942562383,4.04395761877
445,0.0990256935897,5.77847659203,3.91416563345,5.24539013796,0.0994591957452,7.3356022749,11.1886184304,9.72815061124,4.82557888679,5.03966370349,3.24541467755,4.03920207841
446,0.0995127744033,5.93340567572,3.51081801653,5.5953278611,0.0988548511612,7.18701348482,10.9177931089,10.3568136305,5.3901889233,4.84924370308,3.75169373486,4.13767031216
447,0.0988523764088,6.70721695542,3.59223441007,5.35754919771,0.0992648322261,7.43029697779,9.94445612821,9.76345795607,4.65502402069,4.89778696507,3.58494790206,4.52908627752
448,0.0994102333747,6.31592870135,3.42286462766,5.56233742603,0.0997511050388,8.22400608123,10.2081073246,10.8757490073,4.86647558442,4.75478036815,3.19256025042,4.36319743906
449,0.0995900094084,6.09004158304,3.50220244979,5.63847755638,0.100055787274,7.39869187048,9.83871018551,12.8478361075,4.95452595032,4.79045674658,3.84171285251,4.19281927456
450,0.0991261819143,6.12391321366,4.19768700901,4.97469732757,0.0997502198323,7.19633418464,10.9976023072,9.14535500567,4.90151881023,4.97119356718,3.79644886073,4.13274730614
451,0.0992737035335,5.73550943477,4.10328375349,5.27828025453,0.0996610719798,7.56665977007,11.3754800696,11.1651329118,4.79045469374,4.87779654714,4.15078843864,4.18780803182
452,0.0999863215681,5.58566315021,4.28425407729,4.96569394289,0.0993984986173,7.31043336075,11.8337822981,8.91910906374,4.87194818805,5.05632002229,3.5976001105,4.15448594138
453,0.0994836874491,5.78977022874,3.70126812309,5.60452269214,0.0997587244853,7.22296596188,10.2137152848,11.8166412002,4.76436336926,4.9441102984,3.80267537783,4.17863962698
454,0.0998426777514,5.41923001936,4.39553228803,4.76512814254,0.100061530281,7.37611181634,10.5781211719,12.286240022,5.22201655252,4.57945685382,4.16368183998,4.01637660449
455,0.097847783147,5.42323106617,3.54235091638,5.50650664588,0.0996749086132,7.09397684393,10.7587986438,10.0322254915,4.84343732751,4.79340424197,2.87045339325,4.37253240382
456,0.0987714902159,5.89982519664,3.92651370496,5.1426393773,0.100042404004,7.69683758473,9.96401634288,10.5079269384,5.10324635612,4.66244708223,3.88526638158,4.19646029943
457,0.0999039957604,6.48358646253,3.61450770289,5.69049243992,0.0996159396725,7.47869369319,11.1687304842,11.4406166459,4.78711169462,4.98884842061,3.85730152793,4.27348960751
458,0.0997514083884,6.35418209806,3.90072404539,5.35934644923,0.0991110518043,7.6402355567,9.76162895531,12.7745316125,4.88033415033,5.22543125559,2.07227171761,4.54562111119
459,0.0996736521027,5.83706850657,3.81731873073,5.06826440279,0.0996693148556,7.85310694767,10.2048231612,12.9038583532,4.86583508374,4.95063278501,4.11717269891,4.39865343987
460,0.100012597429,6.22517742865,3.98879567771,5.11890148617,0.0996472034951,7.20582858153,10.3428502354,12.2623384753,4.89152444816,5.26466175389,2.75548754481,4.27123780005
461,0.100030799668,5.87409571353,3.62256630627,6.16304629619,0.0992714694218,7.84378821466,9.65235315143,11.9191719925,4.64913474616,5.09275936136,3.96540105959,4.27666457944
462,0.0997213377937,5.83988246975,3.87841401569,5.4685803637,0.0996551842015,8.09450037685,9.6979751737,11.3030094259,4.91499868889,4.84329960191,1.5083461945,4.21395198224
463,0.099639646036,5.62006743529,4.01362310846,5.20661317238,0.0992882722138,7.37490338273,10.8081993701,11.7543804502,4.79171761418,5.25728436201,3.64891084986,4.27342471144
464,0.100016213923,5.87266865181,4.03290897285,5.10685464009,0.0996373299443,7.67424239806,9.96419947942,10.9015357351,5.11127108482,4.96538129126,4.08467446035,4.17287067651
465,0.0999818851385,6.17333923991,4.11292458403,5.74986903122,0.0991546967754,6.82875206736,11.5922527777,9.82561610423,4.69284257045,5.24827177305,3.55190972457,4.3391718163
466,0.0998485405408,5.63518841816,3.63976370012,5.6182071743,0.0988191019597,7.52757989214,11.3402681421,10.276238828,5.26172485707,4.48796433543,4.30064190764,4.01657503854
467,0.0993926724048,5.59215686128,3.89452258454,5.11547322448,0.0992286500018,6.78245619087,10.9627655404,11.3324530794,5.25521398632,4.81783295206,3.23646554981,4.09053686746
468,0.0988119838501,6.00327284196,3.83883476745,5.50538405683,0.0998863304863,7.63134456894,10.654471067,11.0267565039,4.97257166812,4.87496057376,3.8147069644,4.24332691641
469,0.0995539579198,6.32827391577,3.63994283127,5.14732585235,0.0999829810095,7.0563750374,10.8113405501,11.0490959402,5.12114695254,4.78428135217,3.55051833614,4.06015789124
470,0.0999563130762,5.78496493288,4.52785170227,4.8318800914,0.100041092102,7.17653859376,11.686708128,9.83278607425,4.82763020109,5.02451818993,3.88828962964,4.2988786978
471,0.0994519392149,6.15343424807,4.03407167291,5.34058058313,0.0991016733833,7.40472105546,11.2667751498,12.6860462776,4.85082337305,5.09366753157,3.73763022621,4.23126832401
472,0.0993306343199,5.7827215611,3.99242483411,5.44219713615,0.100048542695,7.82238199201,11.189473501,10.6177063215,4.67890132044,4.88897962798,4.24356552279,4.02847493017
473,0.0986169207881,5.48055357795,4.13866449744,4.80472825842,0.0990259199812,7.28569191956,10.8643969734,10.3321736611,5.32658754417,4.19853813471,4.39004516246,3.84015991463
474,0.0985548305846,6.16429897826,4.2194315998,4.65095325777,0.0994738071157,7.25362413477,11.1285549311,10.7877081472,5.05299390983,4.99189271486,3.21373919996,4.19133625724
475,0.0998730110181,6.77464001567,3.79843243346,5.18364105461,0.0996131343652,7.54648713035,10.2142609264,10.6273780065,4.85083063678,5.41696423812,3.99684713627,4.26425996441
476,0.0990090897227,5.76538131648,3.92261222273,5.61781923424,0.100033937954,7.63232619633,10.5014119109,10.3660413517,5.19754142161,4.71351218098,4.01917523601,3.98945045476
477,0.0997537652166,6.06207250702,3.9750337764,5.02731287875,0.0996431520125,7.21797449687,10.5196499867,13.3447284429,5.12418328501,4.79292419573,4.2229824381,4.05392309844
478,0.0992425551492,6.08079411024,3.71602454608,5.40453655629,0.100042297278,7.33224694605,10.7575303761,9.8126794725,4.97051331407,5.20076169729,3.72672760464,4.26890796964
479,0.0991262208736,6.10549484547,3.54903168486,5.60006787266,0.0994316246456,7.4163358819,10.5085915225,11.2840129727,5.07934169226,4.63097951029,1.52990870233,4.39482769043
480,0.100007163743,5.93625398866,3.83552411045,5.6095593498,0.0995677206364,7.4352395914,11.3812385949,9.45985374495,4.65043533389,5.02862887931,3.72186638202,4.13606061531
481,0.0999100439131,5.17295649853,4.26490024299,5.13080060797,0.0993080058024,7.63536327128,11.4006907251,10.6070760312,4.99371567684,4.59482418686,1.54307912205,4.35482696207
482,0.0996423757207,6.21255788731,3.95832983899,5.33712340144,0.0995385442893,7.20745779976,10.1170646333,12.0320272839,5.11972101702,4.83695417918,3.58528622704,4.23971108445
483,0.0989692488937,5.9602222981,3.87463099882,5.39411980102,0.100019997372,7.47984359122,10.9206805475,10.439338764,4.88923653519,4.87988463435,4.0525207139,4.20657391103
484,0.0995620597797,5.55419027414,4.32048210355,4.70940670117,0.099328804783,7.40805742125,10.8861767243,12.0687955622,5.21415175531,5.04825699015,3.79686963608,4.2139162007
485,0.0997250879703,6.05696100078,4.02878907622,5.49468560291,0.100023351817,7.07516690836,11.1164139694,11.5903498167,4.84354231739,4.93560952628,3.73098907668,4.2627333629
486,0.100017640354,6.67038724523,4.05081218359,5.0093705047,0.0994371821653,7.30756181807,10.5363091117,10.9205314493,4.94668890902,4.9274796288,3.96243248674,3.9722679168
487,0.0995734139676,5.66689775776,3.44881148171,5.80958154562,0.0998986475741,7.55372605969,10.201224457,10.6561743153,5.15509410763,4.93048247732,3.15880395255,4.34776761813
488,0.0997025316834,6.33491323903,4.15653505801,4.95334922041,0.0996445022625,6.9761547987,11.2561133834,11.2618824062,4.98628724542,5.07598855914,3.57573482219,4.38540917216
489,0.0993622372434,5.84253919409,3.60705763846,5.52235526441,0.0999705242523,7.28502724224,10.0717453721,11.3584242829,4.71161343559,5.12649532725,3.43508131054,4.17793857745
490,0.0999582743657,6.00359141335,3.512997363,5.96534767537,0.0997676957506,7.90868742518,9.31680686123,12.9312159986,4.92659183248,4.94731633789,3.94250970697,4.35418734295
491,0.0995764577907,5.93674659279,4.03336601239,4.87464534076,0.0980386808635,7.33451479001,10.4591193846,10.2060729749,4.62522009429,5.24055122752,3.92903454091,4.39980554591
492,0.0993837609304,5.84585240513,3.41361195024,5.63094635094,0.0986233883197,7.58595252628,10.2303734787,11.4385970111,4.89481266222,5.098584056,3.87673298418,4.0968110263
493,0.0980760177024,6.12433042288,3.89827155747,5.36304671973,0.0999893384257,7.29250891889,11.3442737534,10.8280066294,5.03982116369,4.57602365256,4.06294775615,4.19004542614
494,0.0986534233144,5.65710234737,4.29313561868,4.90568101809,0.0995940400672,7.49718395595,11.3543166976,12.6679995595,4.64370357817,5.40779706409,3.70962264411,4.28993813401
495,0.0998704694771,6.14980347294,4.31863975079,4.81543322851,0.10004054185,7.82955910212,10.6340967008,11.5981687037,5.23804914774,4.47656439692,4.02781419051,4.19534237664
496,0.0986521187192,5.7172455112,4.13731653348,5.33279246533,0.0996477561319,7.40286879778,10.682048642,11.2294263943,5.2583975674,4.69106709721,4.07788351119,4.02626648318
497,0.0998942287204,5.96965607589,3.8091376325,5.25471118052,0.0997311036763,7.97369932028,10.6137189992,11.275371471,4.82157054209,4.98569858123,4.13278735359,4.16628552577
498,0.0994765471378,5.9770870077,4.23803121469,4.91061797516,0.0993761810645,7.26020762968,11.0724539656,11.246096622,4.81066118488,4.79847421677,2.78268449633,4.25861190367
499,0.0999221255959,6.5147248763,3.62556475358,5.6369552319,0.098922080364,7.04350824032,11.05127184,10.0591631743,5.03805144029,4.71325507826,3.64550266896,4.20050282981
500,0.0992158652834,6.14269002043,3.59650331982,5.30022363229,0.100046002223,7.36581169749,10.4383361174,11.7503039811,4.88240863918,5.16109158822,1.4063152048,4.31161612247
501,0.0996901687308,5.56582000536,4.28698000493,4.85073955894,0.099946698411,6.91207668252,8.35009746598,11.9801905678,4.88556963722,4.89548730712,3.3190384913,3.95752199047
502,0.0993937685405,5.95408169261,4.2116516866,5.26345844449,0.0997211522883,6.75592932154,11.5838346218,10.4432354212,4.7030367367,5.21999362539,3.55092407681,4.36020928862
503,0.0991611063235,5.90540209438,4.40413072916,5.19627771929,0.0993666303889,7.43354184923,11.4998889866,10.1054687262,5.39803807317,4.73616508535,3.94762826175,4.57529498112
504,0.0988252952366,5.95149022458,3.98183774416,5.23513730301,0.0998151407509,7.41485130878,10.4153708932,11.164808673,4.88715833839,5.02424075472,3.26127768587,4.30456411758
505,0.0993664633105,5.99692560239,3.92089015481,5.33909572733,0.0997309504637,7.19588248272,11.3212787888,9.95455454361,4.78464080952,5.16179195447,1.85391551676,4.6049731893
506,0.0984735119075,6.47674156401,3.59042194392,5.35222273764,0.0999630454683,7.98161413268,10.2704321705,11.6663476886,5.12940489222,4.76381953463,4.15718824944,4.15372159395
507,0.0994744393667,6.57972407979,3.91022945836,5.43230109822,0.0997195367596,7.1309089061,10.9088245447,11.7405330075,5.1300779798,4.56949950391,3.59673374196,4.16890185163
508,0.0988194096767,5.81986341501,3.76522302572,5.62195973394,0.0997462074442,7.28710282351,10.6328479373,10.0884674029,4.98908010233,4.75362415037,3.58930835608,4.05336571473
509,0.100013553094,5.90089205999,4.13779114987,4.82978887153,0.0994582001429,6.82542649013,10.8859899336,10.0114693657,4.62962699852,5.20939363143,3.92649064413,4.13713320579
510,0.0995132880259,6.31959323669,3.87732017008,5.25189001249,0.0996912039507,7.8949023816,10.7993600641,10.041734846,5.04786940867,4.86163018621,3.76124911389,4.2366620273
511,0.0994304641213,6.06223393596,4.02015911437,5.03715656353,0.0998535377913,7.07290163529,10.0535240847,12.3399777968,5.06730832724,4.90068261168,2.52899712012,4.29063686678
512,0.0998490896728,5.5565564653,4.33166672886,5.34970114417,0.0996642723185,7.23248608662,10.9175862225,11.3932767847,4.5271127187,4.91077341934,2.42266562689,4.43426634794
513,0.0992306350351,6.16566569801,3.94928720977,5.34654604182,0.100066122276,7.64971402067,10.8168017965,11.6779910495,4.75415201453,4.86782641265,1.53865793988,4.11124093498
514,0.0992205057669,5.52384350767,3.92144871585,5.49363216707,0.0995745695168,7.24556006676,10.0124721768,12.7236977752,5.28199453439,4.68563970369,3.88429932429,4.17163065298
515,0.0994909220279,6.09750316598,3.8998472752,5.22270074994,0.0993639497369,7.63650354314,11.0712854975,10.1868807666,4.86047040398,5.03752876473,3.9445575301,4.43674318713
516,0.0995306769057,5.74353614685,4.0595826816,5.04418212558,0.100046749776,7.15988858081,11.3050849069,9.18738714007,4.76946360235,5.33935059498,3.2329100299,4.50110625789
517,0.099261238015,6.74587237988,3.69741812598,5.51513427101,0.0990820266692,7.55073849674,10.4960012774,10.7654005314,5.07867948367,4.98079013234,4.2324955694,4.03716934148
518,0.0987633567063,6.59913779227,3.86761206034,5.27780179285,0.0996328773437,7.05813352124,10.6426137472,10.464758173,5.00048437161,4.87091602762,1.73566981463,4.19749529739
519,0.0990902298083,5.49864283653,4.01844663097,5.01138893573,0.0998438510921,7.06308284754,10.4981730541,10.55892649,4.79489318686,5.27611675752,1.73316081075,4.25618361187
520,0.0986299594818,6.32053492858,3.6141677434,5.64445508191,0.0998795434874,7.54808167636,9.81667509526,11.2532130899,4.7317763111,4.74944152021,4.12402852445,4.21119218993
521,0.100028000383,5.66100231862,3.52604692485,5.37046503602,0.0992763065476,7.39988836884,10.4884891478,12.4574272462,4.94753377111,5.18904962118,3.87284491881,4.27503592589
522,0.0993802210247,6.1595283896,3.77892485321,5.24190339842,0.0987791507753,7.323613337,10.908603229,10.0713108564,5.12120913965,4.67152551295,4.03937222867,4.26936369783
523,0.099552937313,5.87474803039,3.88393419705,5.18484261236,0.10004272079,7.59526836179,10.8009809482,11.748486405,4.5170156077,5.3388134908,3.45926507669,4.51913196981
524,0.0983928850809,5.73491779335,3.89853498172,5.09704864388,0.0994657958401,7.26745105971,10.6691164059,12.0738118538,5.50394467095,4.87060947784,4.15411440611,4.03857290996
525,0.0990223365604,6.30544820504,3.8995888113,5.42189514757,0.0984944351008,7.70716068778,10.734084136,10.2116178478,4.84028642945,4.93589217862,4.24149361612,4.02340451032
526,0.100018416461,6.49560240701,3.93980579012,5.14830901129,0.099466355242,7.43908182336,10.444361948,11.4426408708,4.72636683686,5.25469840322,3.56800600623,4.2455733516
527,0.0999526780168,6.60372928954,3.6240674892,5.646732354,0.0993928121459,7.6929148398,9.77029673246,12.3177464192,4.98580727726,4.69486744567,4.02815447336,4.21236731718
528,0.0991908801618,5.93916878392,3.89524612408,5.10776278693,0.0997454855686,7.09660578295,10.8942341545,12.138122275,4.91463718455,5.12580232453,3.75521047025,4.29319082005
529,0.0995664917046,5.73021832123,3.87112883252,5.30228743323,0.0992310396113,6.95777024495,11.1417012769,11.4650183703,4.96100710551,4.78011906813,3.77848432586,4.18949822614
530,0.0994186709895,5.91849638949,3.81952178726,5.36955627706,0.09951987027,7.61271921421,10.3251273513,11.6037817434,4.86167749626,5.21725243326,3.50701989164,4.12689642768
531,0.0998673510204,5.79460033863,4.16465677384,4.83888308372,0.0992411568557,7.17295084354,10.7956705937,11.3612251961,5.02830515021,4.31873077109,3.78379247858,4.12292189386
532,0.0995492327931,5.25701732117,3.99827076712,5.2518784572,0.100006167609,7.37608907538,10.5874313318,10.5242766837,4.67883248538,5.05159326668,4.00034195896,4.43837041404
533,0.099088941328,5.92820317786,3.92160260373,4.9574595053,0.0996002086016,7.50776352157,10.6732180362,9.66283861791,5.03006581263,4.61861822302,4.39456247898,3.86205395669
534,0.100005852063,5.68201074347,3.81684103935,5.82378494833,0.0999224296267,7.1524671559,10.8606166701,11.8424029818,4.76420152759,5.12154995715,3.74440019807,4.47223307933
535,0.0996381998451,6.10029827297,3.49445282209,5.98365508278,0.0998059800515,7.8410180303,9.89569463697,10.442255589,4.99265639383,4.74077801806,4.18595325666,4.03478856987
536,0.09941248693,5.4868946737,3.95547704871,5.40510663951,0.0995610094847,7.32102654547,11.4159385706,9.18034146895,5.18364168015,4.44447108516,3.9403196476,3.9915205115
537,0.0996213979149,6.37559717888,3.72404017706,5.30647779617,0.0996681642798,7.26278882924,11.0203723623,10.7034420112,4.75203183874,5.28675226178,2.11185967416,4.27409517825
538,0.0992965139781,6.24157455221,3.49222488716,6.04032157045,0.0986396757089,7.90986044345,9.350285924,11.6721679947,4.71681851753,5.05631918695,3.90742664008,4.12106455301
539,0.09974172732,5.92085666707,4.04875049934,4.96566493534,0.0996587080091,7.12527093886,10.9784894103,11.6001678343,5.44560477617,4.60122700594,4.33520537986,3.96531966769
540,0.0989637720193,5.57262123973,4.24962164632,5.5292546313,0.0992433917289,7.06224560764,11.2355042809,9.58289374516,5.10461085322,5.05920119954,3.78740923434,4.22810538449
541,0.0995199573529,6.08602972524,4.3416780346,5.05848986473,0.0993651085076,7.09286426641,10.8675361042,11.1963879631,4.48631716011,5.02589168543,4.04463354205,4.09503447476
542,0.0993777638475,6.00583178225,4.19194891866,4.95616945852,0.0994913735348,7.78819709597,10.8075982538,11.6943242996,4.59228011749,5.1132562684,3.82861962808,4.50840540403
543,0.0999765096111,6.43303230769,3.99965923892,5.29884010802,0.099447560309,7.28212301809,11.4940975813,10.9538484486,4.85175551585,5.15072460872,3.95242134607,4.37793178805
544,0.0996313633792,5.67564129925,4.1626601575,5.2093165534,0.0998804165434,7.52142670482,10.9400109778,9.55265733021,4.89904025385,5.24949524671,3.20850599764,4.60512078317
545,0.0999344815969,6.40919721079,3.96792178539,4.89463268404,0.099279432056,6.76003304239,11.4574546259,8.98390399756,4.87031695987,5.33275911703,3.73336945997,4.45164395431
546,0.0992766385962,6.95319109334,3.79070855675,5.10143473197,0.0992208680268,7.18946126739,9.85741967389,11.1666388194,4.77901130402,5.43539988032,3.42058910306,4.43563400355
547,0.099656210766,5.27081318758,4.21850565921,4.90772505619,0.0994873466534,6.95379221895,11.2644171678,10.6369875607,4.82888561954,5.01227211032,3.88464030541,4.2918153282
548,0.099112331476,6.18409861616,3.89338215906,5.12979375109,0.0987933123534,7.97559745482,10.5945411174,11.0724356754,5.16260266088,4.8380547851,3.99965994015,3.88045241596
549,0.0993869946652,6.27181739336,3.85837211634,5.17779004549,0.0997404886255,7.69286046795,11.1024770772,9.82648554555,5.05447971778,4.94934825375,3.29441224718,4.47287362122
550,0.0996693079383,5.89552599137,4.085940766,5.29675589914,0.0998147924667,6.95932727465,10.6421286389,11.8099654633,5.3402104278,4.45262084216,4.3163553641,4.06053120354
551,0.0992495648979,5.89380684315,4.23711150292,4.8465528885,0.0997229555447,7.1867498913,9.71978963266,11.4090072759,4.88259297045,4.86117515124,4.02652399513,4.19029827015
552,0.0989369798819,6.25040412244,4.02337711665,5.20445592673,0.100006696653,6.76062482639,11.2952874059,9.6675557496,4.53932020359,4.77572902798,3.92944662475,4.28365076982
553,0.0996060271039,5.62807172256,4.02242768934,5.17895911105,0.0996127007917,7.37047572151,11.2799490936,10.4992011386,4.70269621212,4.91626404492,3.03712041738,4.24714469125
554,0.0993640389321,6.05094764328,3.70196525986,5.28167505414,0.0989945816144,7.36425960903,10.3908878709,11.4941906956,4.87104304405,5.17779298682,3.90576955151,4.10054295322
555,0.0999564688202,5.45856082894,4.19554652108,5.19803189409,0.0996583911859,6.85760822589,9.89257248429,10.5537117226,5.28458407626,4.813816414,4.12594018346,3.94814735527
556,0.0995345228312,5.96149049841,3.92749979801,5.43577539321,0.100046255878,7.19925270142,10.9080780001,13.0379125438,4.8269014017,5.14297628886,3.95853402887,4.40332487893
557,0.0988457432883,5.59353076659,4.37679389153,4.8677609056,0.098263540333,7.90807150892,11.3026297276,11.3396798542,5.08155985885,4.84116607836,4.34892954564,4.0306148228
558,0.0992282377374,5.55430492632,3.91608114635,5.26158696543,0.0992025772705,7.29330885841,10.9089658379,13.2417870694,4.70993813504,5.15798018439,3.69470139978,4.18196663816
559,0.0995013003703,5.38560358343,4.12740559355,5.05688962678,0.0999020664705,6.98404780994,11.5507931275,12.4927732986,5.1878742595,5.15616765992,4.15645399244,4.11229125544
560,0.0998000448385,5.65779661447,4.22848473138,5.49034538284,0.0995503912322,7.07678223352,11.2233081277,10.742058403,4.80026763439,5.0348886443,3.8707477162,4.30042818895
561,0.0990549704868,6.04055617129,4.11640734281,5.02720341904,0.100042901625,7.440887908,10.6765481216,11.9450687717,5.02939193379,4.62419444083,,
